Point_ID,NRCW,RCWyes,NOG,ANOG,NWET,Swamp,Marsh,ANWET,NTREE,HNTREE,CRNTREE,TCC,THsd,THmin,THmax,CRsd,CRmin,CRmax,CAsd,CAmin,CAmax,THmean,CRmean,CAmean,PCC,LBD,DSF,GrassPrairie,SwampMarsh,Oak,Flatwoods,Plantations,Scrub
001_5850_FY19,629.66,1,4403.9,78,328.28,1,0,219.9,4.02,15.66,4.7,8314.23,2.67,5.35,20.8,0.8,1.61,6.24,23.27,1,119,17.07,5.12,49.77,0.26,43264,310,0,0,0,0,1,0
001_5851_FY19,712.41,1,4342.9,78,287.08,1,0,219.9,2.12,14.42,4.33,11775.51,3.49,5.04,19.69,1.05,1.51,5.91,33.48,3,231,13.41,4.02,68.56,0.37,43140,581,0,0,0,1,0,0
001_5956_FY19,291.65,1,4761.48,78,216.64,0,1,0.5,3.85,20.09,6.03,9967.33,3.99,5.23,20.98,1.3,1.57,6.29,34.71,1,178,16.7,4.48,73.89,0.32,43264,451,0,0,0,0,1,0
001_6052_FY19,0,1,4643.38,78,62.43,1,0,219.9,10.59,8.74,2.62,16406.46,5.93,5.09,29.39,1.78,1.53,8.82,113.58,1,688,19.69,5.91,238.51,0.52,43271,421,0,0,0,1,0,0
001_6166_FY19,0,1,5198.33,78,211.5,0,1,4.1,3.86,12.74,3.82,8621.32,3.6,5.04,19.66,1.08,1.51,5.9,38.88,1,302,14.35,4.3,77.77,0.27,43271,388,0,0,0,1,0,0
001_6271_FY19,0,1,5555.29,78,339.89,0,1,4.1,4.9,11.72,3.52,7879.54,4.07,5.21,22.43,1.22,1.56,6.73,36.25,1,188,15.89,4.77,74.71,0.25,43270,253,0,0,0,1,0,0
001_6375_FY19,0,0,5837.41,89,458.58,0,1,10.1,2.44,15.53,4.66,11375.09,3.59,5.44,23.66,1.08,1.63,7.1,38.25,1,217,16.39,4.92,79.98,0.36,43270,162,0,0,0,1,0,0
001_6484_FY19,512.77,0,4394.17,89,192.95,0,1,1.8,19.55,8.57,2.57,1572.56,2.73,5.03,13.83,0.82,1.51,4.15,59.29,1,333,6.68,2,118.93,0.05,40667,2992,0,0,0,0,0,1
001_6488_FY19,0,0,5579.9,89,198.59,0,1,1.3,36.02,9.05,2.72,2059.08,2.39,5.01,15.22,0.72,1.5,4.57,41.26,6,198,7.4,2.22,83.34,0.07,43270,401,0,0,0,1,0,0
001_6593_FY19,0,0,5898.57,89,43.71,0,1,4.9,6.81,19.4,5.82,10915.95,4.62,5.01,22.37,1.39,1.5,6.71,39.95,2,203,16.35,4.9,82.04,0.35,43270,311,0,0,0,1,0,0
001_6701_FY19,46.01,1,4544.21,89,149.64,0,1,3.8,17.33,5.9,1.77,2700.37,1.78,5.07,12.88,0.54,1.52,3.86,97.88,1,440,6.8,2.04,222.92,0.09,42012,1547,0,0,0,0,0,1
001_6810_FY19,0,1,5772.21,73,59.13,0,1,1.3,3.68,12.55,3.77,3117.75,4.22,5.88,22.77,1.27,1.76,6.83,40.4,1,228,15.23,4.57,80.72,0.1,42922,643,0,0,0,1,0,0
001_6910_FY19,0,1,4898.79,89,121.65,0,1,0.8,7.28,19.19,5.76,9948.19,2.46,5.06,21.69,0.74,1.52,6.51,35.44,5,171,18.09,5.43,77.09,0.32,43476,41,0,0,0,0,1,0
001_6913_FY19,0,1,5434.6,73,243.61,0,1,3.5,2.11,19.48,5.84,5286.58,3.92,5.89,22.77,1.18,1.77,6.83,32.52,1,232,18.64,5.59,65.9,0.17,42922,803,0,0,0,0,1,0
001_6918_FY19,0,1,6019.1,73,251.62,0,1,3.2,1.42,19.65,5.89,10207.59,4.01,5.49,23.35,1.57,1.65,7.01,20.06,1,134,15.29,4.03,44.33,0.32,42726,1128,0,0,0,0,1,0
001_7000_FY19,1023.17,0,2090.32,89,79.43,1,0,4.5,7.91,21.6,6.48,8022,6.36,5.09,24.04,1.91,1.53,7.21,57.82,4,245,19.81,5.94,118.11,0.26,41611,1819,0,0,0,0,1,0
001_7010_FY19,620.76,0,3988.46,89,178.28,1,0,65.2,8.49,14.35,4.3,12828.03,4.57,5.01,23.57,1.37,1.5,7.07,79.93,2,518,16.59,4.98,162.9,0.41,42445,1200,0,0,0,1,0,0
001_7014_FY19,0,1,4953.68,73,227.37,0,1,0.8,5.33,12.93,3.88,9218.39,3.43,5.56,22.08,1.03,1.67,6.62,33.1,1,230,16.86,5.06,71.75,0.29,42767,958,0,0,0,1,0,0
001_7016_FY19,0,1,4888.04,73,179.94,0,1,3.5,2.84,16.82,5.05,6166.74,3.69,5.11,22.07,1.11,1.53,6.62,34.86,1,222,17.63,5.29,69.71,0.2,42732,993,0,0,0,0,1,0
001_7106_FY19,405.14,0,2628.84,89,123.99,1,0,277.1,16.54,19.04,5.71,4743.95,5.22,5.25,24.68,1.57,1.58,7.4,57.78,1,361,17.89,5.37,119.9,0.15,41578,1854,0,0,0,0,1,0
001_7112_FY19,91.06,0,3817.8,89,125.46,1,0,4.1,6.47,19.89,5.97,20262.34,4.46,5.02,22.86,1.34,1.51,6.86,86.11,1,571,18.33,5.5,172.65,0.64,42445,1155,0,0,0,1,0,0
001_7123_FY19,26.42,1,5057.86,73,4.61,0,1,10.9,1.45,16.53,4.96,9106.08,4.96,5.34,24.64,1.49,1.6,7.39,71.08,1,398,18.83,5.65,143.73,0.29,42921,709,0,0,0,1,0,0
001_7124_FY19,0,1,5266.77,73,83.14,0,1,2.5,5.33,17.06,5.12,4617.01,4.19,5.01,20.54,1.26,1.5,6.16,30.43,1,204,14.16,4.25,61.09,0.15,42921,671,0,0,0,1,0,0
001_7214_FY19,0,0,3593.43,89,3.65,1,0,3.2,5.1,15.57,4.67,17536.13,3.1,5.11,20.61,0.93,1.53,6.18,40.58,2,240,14.78,4.44,88.15,0.56,43157,613,0,0,1,0,0,0
001_7222_FY19,0,1,4374.77,73,230.1,0,1,8.4,1.96,20.15,6.04,13934.31,3.88,5.49,24.2,1.16,1.65,7.26,55.41,1,315,20.61,6.18,112.78,0.44,42752,963,0,0,0,0,1,0
001_7227_FY19,222.52,1,4878.86,73,52.85,0,1,3.9,9.87,21.55,6.47,10094.39,4.55,5.34,22.98,1.36,1.6,6.89,66.56,1,359,19.25,5.78,133.7,0.32,42921,835,0,0,0,1,0,0
001_7331_FY19,516.03,1,4696.11,73,133.04,1,0,1.4,15.45,8.02,2.41,1786.38,3.41,5.16,17.65,1.02,1.55,5.29,31.71,1,131,12.62,3.79,63.52,0.06,42921,671,0,0,0,1,0,0
001_7332_FY19,437.12,1,4870.42,73,47.89,0,1,4.4,3.35,14.06,4.22,5812.25,3.45,5.11,19.02,1.04,1.53,5.71,36.05,1,181,14.11,4.23,72.27,0.19,42921,661,0,0,0,1,0,0
001_7333_FY19,487.34,1,4987.7,73,123.12,0,1,4.4,12.18,6.38,1.91,479.76,1.79,5.16,11.74,0.54,1.55,3.52,14.52,1,60,9.13,2.74,28.78,0.02,42921,877,0,0,0,1,0,0
001_7523_FY19,262.27,0,2820.13,62,173.55,0,1,3.6,15.15,19.72,5.92,7637.76,5.63,5.02,25.04,1.69,1.51,7.51,24.24,1,161,14.38,4.31,49.12,0.24,41590,1837,0,0,0,0,1,0
001_7534_FY19,575.82,1,3641.49,73,234,0,1,2.6,3.91,23.2,6.96,5353.87,6.51,5.03,26.75,1.95,1.51,8.02,26.69,1,146,20.28,6.08,55.2,0.17,43131,596,0,0,0,0,1,0
001_7537_FY19,904.96,1,3814.22,73,0,1,0,7.7,2.58,11.38,3.41,13305.61,4.37,5,21.78,1.31,1.5,6.53,26.68,1,180,13.24,3.97,53.47,0.42,41654,1912,0,1,0,0,0,0
001_7645_FY19,1305.16,1,4458.29,73,80.44,0,1,2.5,1.51,23.1,6.93,16234.64,5.4,5.05,24.44,1.62,1.52,7.33,51.83,1,275,18.8,5.64,104.02,0.52,40184,3382,0,0,0,0,1,0
001_7743_FY19,1390.39,1,3024.6,73,85.9,0,1,6.7,7.62,16.98,5.09,11267.58,5.07,5,22.6,1.52,1.5,6.78,22.99,1,149,15.74,4.72,46.65,0.36,42690,987,0,0,0,0,1,0
001_7744_FY19,1292.7,1,3277.86,73,88.2,0,1,5.1,6.64,18.17,5.45,8464.53,5.44,5.12,22.69,1.63,1.54,6.81,31.69,1,230,18.14,5.44,63.83,0.27,42349,1106,0,0,0,0,1,0
001_7748_FY19,1536.25,1,4123.41,73,287.75,0,1,8.5,6.43,20.51,6.15,14303.21,5.95,5,23.89,1.79,1.5,7.17,45.03,1,287,19.04,5.71,90.57,0.46,39829,3771,0,0,0,0,1,0
001_7950_FY19,1822.34,1,2526.61,73,292.28,0,1,6.7,1.86,6.15,1.84,6932.61,7.01,5.04,25.6,2.1,1.51,7.68,34.06,1,185,20.47,6.14,68.94,0.22,42690,833,0,0,0,0,1,0
001_8048_FY19,0,1,4879.44,78,212.4,0,1,4.1,5.15,12.39,3.72,4860.96,2.67,5,16.4,0.8,1.5,4.92,26.85,1,147,11.93,3.58,54.21,0.15,43271,414,0,0,0,1,0,0
001_8181_FY19,0,0,5744.95,89,310.98,0,1,10.1,7.07,19.35,5.81,9889.52,4.15,5.06,24.24,1.24,1.52,7.27,39.61,1,200,17.68,5.3,81.01,0.31,43270,331,0,0,0,1,0,0
001_8206_FY19,234.94,1,4647.5,89,137.07,0,1,2.1,9.86,5,1.5,12157.08,3.15,5,18.33,0.95,1.5,5.5,78.62,1,1027,8.32,2.5,174.95,0.39,42011,1543,0,0,0,1,0,0
001_8210_FY19,0,0,5706.33,89,317.79,0,1,1.3,3.57,17.35,5.21,9109.03,4.65,5.1,23.36,1.4,1.53,7.01,35.11,1,219,16.71,5.01,71.9,0.29,42922,715,0,0,0,1,0,0
002_6180_FY19,0,1,6348.19,78,135.96,0,1,8.4,12.52,11.27,2.56,5258.78,3.63,5.19,19.42,0.18,2.26,2.97,25.41,1,115,14.11,2.71,53.37,0.17,42468,1307,0,0,0,1,0,0
002_6280_FY19,0,1,6115.58,78,172.46,0,1,2.1,4.4,13.75,2.69,8523.65,3.37,5.03,20.31,0.17,2.25,3.02,25.04,1,140,13.72,2.69,51.61,0.27,42466,1218,0,0,0,1,0,0
002_6281_FY19,0,1,6185.41,78,373.66,0,1,1.9,3.05,7.97,2.4,10601.23,4.21,5.21,20.02,0.21,2.26,3,26.29,1,164,14.12,2.71,54.86,0.34,42466,1122,0,0,0,1,0,0
002_6379_FY19,226.38,1,5857.94,78,212.2,0,1,0.4,6.76,14.83,2.74,7455.19,2.96,5.08,19.5,0.15,2.25,2.98,24.19,1,141,13.01,2.65,50.19,0.24,42812,788,0,0,0,1,0,0
002_6387_FY19,0,1,6617.95,78,269.63,0,1,0.7,1.01,11.76,2.59,9970.88,4.05,5.06,23.47,0.2,2.25,3.17,25.68,1,144,17.6,2.88,55.67,0.32,42466,1329,0,0,0,1,0,0
002_6389_FY19,0,1,7055.88,78,282.44,0,1,8.4,8.25,16.77,2.84,13413.58,3.88,5.94,23.29,0.19,2.3,3.16,22.36,1,137,17.85,2.89,51.95,0.43,41661,2017,0,0,0,1,0,0
002_6396_FY19,0,1,6777.93,78,313.76,0,1,1.9,5.08,20.72,3.04,7489.1,3.11,5.52,21.81,0.16,2.28,3.09,22.33,1,153,17.78,2.89,49.6,0.24,42775,1119,0,0,0,0,1,0
002_6399_FY19,0,1,7097.51,78,323.58,0,1,8.4,1.96,18.41,2.92,10664.34,3.63,5.8,22.38,0.18,2.29,3.12,20.96,2,133,17.47,2.87,46.39,0.34,42775,944,0,0,0,0,1,0
002_6493_FY19,109.54,0,6250.12,78,358.78,0,1,1.1,7.84,17.73,2.89,11708.64,3.25,5.25,21.78,0.16,2.26,3.09,26.16,1,195,17.45,2.87,56.56,0.37,42750,982,0,0,0,0,1,0
002_6496_FY19,166.28,1,6653.42,78,109.16,0,1,2.6,4.31,15.02,2.75,9133.2,3.31,5.05,21.18,0.17,2.25,3.06,25.83,1,164,15.12,2.76,54.57,0.29,42773,875,0,0,0,1,0,0
002_6503_FY19,0,1,7299.13,78,401.95,0,1,3.3,1.1,19.61,2.98,13901.79,3.21,5.04,23.15,0.16,2.25,3.16,27.54,1,171,18.18,2.91,61.2,0.44,42809,734,0,0,0,1,0,0
002_6596_FY19,39.6,0,6618.14,78,135.84,0,1,2.4,0.98,10.07,2.5,10020.87,2.66,5.32,22.54,0.13,2.27,3.13,22.99,1,144,17.4,2.87,50.4,0.32,42750,780,0,0,0,1,0,0
002_6597_FY19,175.66,0,6555.94,78,61.89,0,1,2.4,3.69,17.11,2.86,11950.67,2.11,6.38,22.24,0.11,2.32,3.11,18.54,1,138,18.39,2.92,41.84,0.38,42750,1135,0,0,0,0,1,0
002_6608_FY19,0,1,7813.8,78,533.02,0,1,3.3,2.88,18.29,2.91,14776.31,3.36,5.05,24.47,0.17,2.25,3.22,26.22,1,243,18.07,2.9,59.24,0.47,42809,1071,1,0,0,0,0,0
002_6711_FY19,153.14,1,6705.51,73,52.28,0,1,0.6,8.8,12.49,2.62,2179.92,3.43,5.03,18.21,0.17,2.25,2.91,27,2,132,13.15,2.66,54.49,0.07,42812,880,0,0,0,1,0,0
002_6920_FY19,468.5,1,6418.17,73,306.88,0,1,1.5,8.91,6.79,2.34,8693.05,2.03,5.12,15.75,0.1,2.26,2.79,15.78,1,97,11.31,2.57,33.74,0.28,42914,745,0,0,0,1,0,0
002_6921_FY19,810.97,1,6641,73,156.05,0,1,2,6.83,10.26,2.51,6630.56,2.95,5.18,19.39,0.15,2.26,2.97,23.53,1,130,13.6,2.68,48.18,0.21,42914,898,0,0,0,1,0,0
002_6923_FY19,1179.31,1,6859.93,73,57.12,1,0,17.6,2.91,18.09,2.9,9808.48,3.4,5.02,22.03,0.17,2.25,3.1,24.7,1,124,17.06,2.85,51.86,0.31,42914,716,0,0,0,1,0,0
002_6924_FY19,994.79,1,7209.16,73,39.4,1,0,2.8,6.52,21.92,3.1,16281.08,3.31,5.27,28.13,0.17,2.26,3.41,24.66,1,184,21.17,3.06,54.73,0.52,42809,885,1,0,0,0,0,0
002_6931_FY19,11.51,1,8600.64,73,514.69,0,1,10.1,0.27,18.16,2.91,10582.93,4.36,5.21,27.78,0.22,2.26,3.39,26.94,1,172,19.33,2.97,58.96,0.34,42809,839,1,0,0,0,0,0
002_7026_FY19,938.67,1,6483.69,73,66.43,0,1,2,1.38,7.87,2.39,2323.96,2.79,5.34,16.95,0.14,2.27,2.85,16.19,1,91,11.26,2.56,32.66,0.07,42914,731,0,0,0,1,0,0
002_7230_FY19,448.42,1,5364.85,73,374.61,0,1,1.5,4.05,11.86,2.59,8149.31,3.36,5.86,22.47,0.48,2.09,5.82,17.85,2,119,18.18,2.98,42.98,0.26,42750,1010,0,0,0,0,1,0
002_7241_FY19,0,1,7915.76,73,812.02,0,1,2.3,4.31,14.59,2.73,11438.14,4.99,5.01,24.69,0.25,2.25,3.23,26.65,1,133,18.26,2.91,56.5,0.36,42809,862,1,0,0,0,0,0
002_7347_FY19,0,1,8117.09,73,838.7,0,1,2.3,6.03,21.65,3.08,9949.04,2.91,6.39,24.92,0.15,2.32,3.25,24.45,2,162,18.84,2.94,53.73,0.32,42809,623,1,0,0,0,0,0
002_7449_FY19,0,1,7464.03,73,357.97,0,1,2.3,7.58,18.66,2.93,11739.3,5.97,5,26.8,0.3,2.25,3.34,32.1,1,159,19.31,2.97,66.74,0.37,42809,822,1,0,0,0,0,0
002_7547_FY19,1270.87,1,5947.63,73,59.04,1,0,4,4.47,17.04,2.85,8690.41,2.91,5.43,19.87,0.15,2.27,2.99,14.31,1,119,14.39,2.72,29.77,0.28,41946,1481,0,0,0,0,1,0
002_7552_FY19,18.15,1,7061.66,73,1.73,0,1,2.7,4.68,14.8,2.74,11720.13,4.72,5.04,25.14,0.24,2.25,3.26,20.76,1,168,17.79,2.89,43.65,0.37,42809,828,1,0,0,0,0,0
002_7553_FY19,0,1,7303.61,73,97.9,0,1,3,2.57,22.21,3.11,11527.47,4.17,5.09,25.86,0.21,2.25,3.29,17.35,1,89,19.2,2.96,39.09,0.37,42809,974,1,0,0,0,0,0
002_7754_FY19,1652.82,1,5420.42,73,246.54,1,0,72.3,4.19,9.23,2.46,9083.78,2.78,5.36,21.01,0.14,2.27,3.05,15.5,1,90,15.81,2.79,33.86,0.29,41334,2093,0,0,0,0,1,0
002_7855_FY19,1998.02,1,4556.75,73,203.44,1,0,1.8,4.29,14.19,2.71,10033.86,3.32,5.02,21.73,0.17,2.25,3.09,16.62,1,98,18.29,2.91,34.69,0.32,43066,613,0,0,0,0,1,0
002_7862_FY19,773.73,1,6350.8,73,50.77,1,0,2.1,5.63,13.17,2.66,9463.54,2.71,5.19,20.78,0.14,2.26,3.04,17.02,1,114,15.06,2.75,34.55,0.3,43114,328,0,0,0,1,0,0
002_7866_FY19,0,0,7433.03,73,111.72,0,1,1.2,7.17,19,2.95,14821.65,3.54,5.51,25.68,0.18,2.28,3.28,21.54,1,120,18.1,2.91,47.92,0.47,43114,468,1,0,0,0,0,0
002_7868_FY19,0,0,7737.38,73,124.78,0,1,2,3.42,5.73,2.29,12633.42,5.67,5.03,28.02,0.28,2.25,3.4,25.02,1,262,17.44,2.87,50.96,0.4,43114,482,0,0,0,1,0,0
002_8053_FY19,0,1,5092.61,78,299.21,0,1,4.3,4.99,14.53,2.73,9778.2,3.42,5.57,21.41,0.44,1.76,5.62,36.39,1,232,14.35,3,72.96,0.31,42466,1261,0,0,0,1,0,0
002_8184_FY19,0,0,5887.35,78,282.07,0,1,0.4,4.76,12.15,2.61,19538.26,3.57,5,20.61,0.57,1.5,6.18,42.49,1,404,13.3,2.97,85.41,0.62,42748,1134,0,0,1,0,0,0
002_8215_FY19,329.89,1,6909.9,73,100.74,0,1,0.6,7.76,22.7,3.14,8667.63,1.91,5.23,22.75,0.1,2.26,3.14,14.37,2,103,19.44,2.97,36.31,0.28,42750,835,0,0,0,0,1,0
002_8222_FY19,279.38,1,7534.88,78,393.05,1,0,2,4.07,19.63,2.98,12992.97,3.21,5.7,25.13,0.16,2.28,3.26,19.51,1,135,18.79,2.94,44.49,0.41,42809,995,1,0,0,0,0,0
003_5231_FY19,1722.73,1,3723.63,78,163.75,0,1,3.6,36.87,8.23,2.41,3259.23,2.86,5.17,18.19,0.14,2.26,2.91,23.37,2,122,12.18,2.61,47.77,0.1,43314,244,0,0,0,1,0,0
003_5337_FY19,1312.89,1,4207.08,78,179.94,0,1,2.2,15.6,9.51,2.48,3493.16,2.26,5.12,16.21,0.11,2.26,2.81,24.78,3,132,10.87,2.54,53.47,0.11,42102,1699,0,0,0,0,0,1
003_5444_FY19,612.96,1,5128.66,78,504.77,0,1,3,10.72,15.67,2.78,6167.2,4.03,5.04,22.17,0.2,2.25,3.11,19.45,1,121,16.01,2.8,41.68,0.2,43395,235,0,0,0,0,1,0
003_5450_FY19,1018.1,1,6428.42,78,155.39,0,1,1.4,1.18,5.7,2.28,8315.52,3.31,5,19.26,0.17,2.25,2.96,17.32,1,98,13.08,2.65,35.41,0.26,42497,1230,0,0,0,1,0,0
003_5551_FY19,291.29,1,5827.15,78,4.36,0,1,8.2,6.28,5.62,2.28,5816.18,3.16,5.06,19.2,0.16,2.25,2.96,20.73,1,142,12.42,2.62,42.41,0.19,42497,1162,0,0,0,1,0,0
003_5555_FY19,1058.23,1,6776.83,78,105.18,0,1,2.2,5.15,7.46,2.37,6833,2.73,5,17.01,0.14,2.25,2.85,21.64,1,159,12.52,2.63,44.13,0.22,42497,1243,0,0,0,1,0,0
003_5647_FY19,580.65,1,4530.25,78,149.63,0,1,2.2,16.73,5.11,2.26,4669.72,3.46,5.05,18.46,0.17,2.25,2.92,24.61,1,137,12.3,2.61,50.46,0.15,42874,740,0,0,0,1,0,0
003_5654_FY19,20.65,1,5833.6,78,66.64,0,1,8.2,4.65,15.93,2.8,5629.66,3.36,5.03,17.53,0.17,2.25,2.88,21.6,1,115,13.09,2.65,43.83,0.18,42497,1054,0,0,0,1,0,0
003_5655_FY19,188.5,1,6163.26,78,231.99,0,1,8.2,6.06,18.09,2.9,12256.93,3.56,5.1,22.36,0.18,2.26,3.12,23.74,1,147,16.46,2.82,52.44,0.39,42497,1054,1,0,0,0,0,0
003_5750_FY19,607.11,1,4458.13,78,131.95,0,1,0.4,18.96,14.72,2.74,3804.31,3.42,5.05,18.06,0.17,2.25,2.9,22.79,3,121,13.32,2.67,51.55,0.12,42874,676,0,0,0,1,0,0
003_6063_FY19,0,1,5500.4,78,77.6,0,1,5.2,3.23,17.64,2.88,12758.89,3.54,5.41,23.28,0.18,2.27,3.16,26.78,1,152,17.47,2.87,58.06,0.41,42480,1067,0,0,0,1,0,0
003_6064_FY19,0,1,5654.42,78,58.26,0,1,2.2,8.99,15.66,2.78,11215.19,4.44,5,24.75,0.22,2.25,3.24,30.04,1,158,16.56,2.83,62.92,0.36,42481,1407,1,0,0,0,0,0
003_6069_FY19,0,1,6319.29,78,363.31,0,1,1.4,13.02,5.46,2.27,4722.06,3.52,5.06,17.54,0.18,2.25,2.88,22.29,1,108,13.46,2.67,46.27,0.15,42481,1217,0,0,0,1,0,0
003_6179_FY19,0,1,6025.06,78,281.39,0,1,0.7,9.05,12.34,2.62,9666.23,3.89,5,22.15,0.19,2.25,3.11,28.27,1,146,14.01,2.7,62.67,0.31,42465,1389,0,0,0,1,0,0
003_8059_FY19,0,1,5973.74,78,244.58,0,1,2.2,3.72,14.58,2.73,5825.58,3.22,5.05,17.65,0.16,2.25,2.88,29.08,1,210,13.62,2.68,58.33,0.19,42481,1149,0,0,0,1,0,0
003_8060_FY19,0,1,5924.3,78,65.09,1,0,14.1,1.93,16.33,2.82,11017.25,3.9,5.33,25.07,0.2,2.27,3.25,29.22,1,174,18.57,2.93,65.3,0.35,42481,1111,1,0,0,0,0,0
004_3794_FY19,6161.2,1,7510.02,104,281.13,0,1,0.5,5.23,12.71,2.64,17514.08,2.78,5.1,17.12,0.14,2.25,2.86,39.63,1,310,12.18,2.61,82.57,0.56,,4015,0,0,1,0,0,0
004_3893_FY19,5322.98,1,6114.37,104,370.17,0,1,1.5,687.92,7.53,2.38,0,,,,,,,,,,,,,0,42913,888,0,0,0,1,0,0
004_3897_FY19,5742.26,1,7186.26,104,189.87,0,1,0.5,32.78,5.31,2.27,7.01,0,5.94,5.94,0,2.3,2.3,0,7,7,5.94,2.3,7,0,43570,275,0,0,0,1,0,0
004_3996_FY19,4838.77,1,5864.55,104,277.4,0,1,0.5,242.28,7.53,2.38,0,,,,,,,,,,,,,0,42913,617,0,0,0,1,0,0
004_4004_FY19,5921.14,1,8243.44,104,292.88,0,1,3.5,964.14,10.21,2.51,0,,,,,,,,,,,,,0,43572,273,0,0,0,1,0,0
004_4100_FY19,4647.81,1,5892.86,104,244.22,0,1,1.9,46.08,7.53,2.38,33.03,0.14,7.53,7.72,0.01,2.38,2.39,3.54,14,19,7.64,2.38,16.88,0,42913,731,0,0,0,1,0,0
004_4109_FY19,5885.63,1,8337.01,104,399.5,0,1,1.6,951.47,10.21,2.51,0,,,,,,,,,,,,,0,42482,1078,0,0,0,1,0,0
004_4306_FY19,3738.42,1,5427.71,104,146.4,0,1,2.9,6.25,12.57,2.63,7309.07,1.89,6.05,17.25,0.09,2.3,2.86,18.39,1,125,13.05,2.65,38.84,0.23,42926,506,0,0,0,1,0,0
004_4308_FY19,3909.54,1,5945.85,104,469.44,0,1,4.5,9.71,11.62,2.58,6523.94,2.32,5.01,15.57,0.12,2.25,2.78,19.67,2,144,11.72,2.59,41.1,0.21,42791,652,0,0,0,1,0,0
004_4513_FY19,3361.12,1,5209.68,104,98.95,0,1,8.6,23.42,7.43,2.37,355.25,1.88,5.15,12.09,0.09,2.26,2.6,8.84,4,39,9.38,2.47,20.28,0.01,42926,656,0,0,0,1,0,0
004_4516_FY19,3684.22,1,6184.6,104,187.6,0,1,4.5,2.37,13.25,2.66,2299.26,2,5.14,13.28,0.1,2.26,2.66,13.92,1,70,9.83,2.49,30.02,0.07,42791,739,0,0,0,1,0,0
004_4518_FY19,3841.83,1,6764.99,104,173.25,0,1,23.4,54.34,6.41,2.32,812.84,1.39,5.26,11.02,0.07,2.26,2.55,9.11,1,47,7.88,2.39,21.18,0.03,42793,793,0,0,0,1,0,0
004_4520_FY19,4238.13,1,7304.1,104,206.23,0,1,9,15.62,11.44,2.57,139.11,1.71,10.24,14.49,0.09,2.51,2.72,8.76,16,39,11.51,2.58,30.01,0,42794,828,0,0,0,1,0,0
004_4522_FY19,4414.42,1,7721.84,104,59.88,0,1,9,4.09,14.91,2.75,4392.83,3.17,5.03,17.5,0.16,2.25,2.88,22.4,2,124,12.01,2.6,45.54,0.14,42794,784,0,0,0,1,0,0
004_4618_FY19,3186.95,1,5696.43,104,247.28,0,1,4.8,5.5,12.62,2.63,4299.81,3.15,5.03,16.99,0.16,2.25,2.85,18.68,2,97,12.5,2.63,37.68,0.14,42791,636,0,0,0,1,0,0
004_4619_FY19,3105.11,1,5899.96,104,291.03,0,1,4.5,15.72,8.85,2.44,2169.88,2.04,5.12,15.29,0.1,2.26,2.76,12.99,1,71,10.11,2.51,26.78,0.07,42791,787,0,0,0,1,0,0
004_4722_FY19,2762.87,1,5551.84,104,206.75,0,1,1.8,3.84,8.59,2.43,3514.23,1.86,5.06,14.2,0.09,2.25,2.71,11.97,1,70,9.69,2.48,25.44,0.11,42791,853,0,0,0,1,0,0
004_4729_FY19,3871.39,1,7585.35,104,79.05,1,0,44.4,5.38,13.02,2.65,1517.72,2.8,5.48,17.35,0.14,2.27,2.87,20.57,1,85,13.27,2.66,43.36,0.05,42794,1000,0,0,0,1,0,0
004_4827_FY19,2453.97,1,5990.1,104,47.47,1,0,1.9,2.29,15.71,2.79,11399.78,3.24,5.01,18.85,0.16,2.25,2.94,28.58,1,228,14.19,2.71,57.98,0.36,42791,767,0,0,0,1,0,0
004_4834_FY19,3883.65,1,7990.69,104,46.59,0,1,3.1,4.35,23.15,3.16,16253.92,5.29,5.73,26.2,0.26,2.29,3.31,31.7,1,231,19.44,2.97,67.34,0.52,43478,220,0,0,0,0,1,0
004_4835_FY19,4210.77,1,8287.52,104,26.46,0,1,1.3,4.75,19.32,2.97,11435.55,5.2,5.19,25.58,0.26,2.26,3.28,25.96,1,150,19.47,2.97,56.86,0.36,41694,1759,0,0,0,0,1,0
004_4924_FY19,1973.95,1,4383.35,78,359.9,0,1,2,21.96,6.65,2.33,1566.52,2.25,6.07,16.23,0.11,2.3,2.81,17.12,4,72,11.35,2.57,37.3,0.05,43305,386,0,0,0,1,0,0
004_4925_FY19,2032.21,1,4690.54,104,115.96,0,1,3.2,6.01,10.29,2.51,5668.33,2.43,5.04,17.91,0.12,2.25,2.9,18.18,1,178,11.32,2.57,36.64,0.18,43305,427,0,0,0,1,0,0
004_4937_FY19,3606.67,1,7837.02,104,2.81,1,0,44.4,2.48,13.65,2.68,20171.2,3.2,5,22.83,0.16,2.25,3.14,31.47,1,347,16.11,2.81,68.24,0.64,43586,231,0,0,0,1,0,0
004_4939_FY19,4008.62,1,8279.49,104,158.15,0,1,3,7.05,16.02,2.8,11042.86,5.15,5,25.66,0.26,2.25,3.28,23.52,1,178,20.17,3.01,50.88,0.35,43478,167,0,0,0,0,1,0
004_5027_FY19,1859.17,1,4166.39,78,283.19,0,1,1,7.66,12.3,2.61,9192.69,4.34,5.02,23.35,0.22,2.25,3.17,30.29,1,247,14.59,2.73,60.85,0.29,43305,393,0,0,0,1,0,0
004_5042_FY19,3601.02,1,8165.15,104,176.37,0,1,3,296.08,9.21,2.46,0,,,,,,,,,,,,,0,43594,125,0,0,0,1,0,0
004_5138_FY19,1841.1,1,6203.78,104,212.33,0,1,3.4,14.58,11.45,2.57,5143.89,2.12,5.06,15.25,0.11,2.25,2.76,16.61,1,121,11.61,2.58,33.57,0.16,42777,900,0,0,0,1,0,0
004_5143_FY19,2614.49,1,7350.56,104,408.79,0,1,3,5.87,12.49,2.62,6587.74,3.86,5.21,21.02,0.19,2.26,3.05,25.25,1,132,15.15,2.76,50.61,0.21,42703,902,0,0,0,0,1,0
004_5236_FY19,1092.8,1,4750.02,78,360.83,0,1,0.2,2.74,19.15,2.96,11662.6,2.48,5.11,25.54,0.12,2.26,3.28,16.64,1,120,19.67,2.98,43,0.37,43305,302,0,0,0,0,1,0
004_5243_FY19,1721.23,1,6693.63,78,187.17,0,1,1.3,9.04,11.41,2.57,10538.24,2.39,5.24,19.23,0.12,2.26,2.96,15.55,1,83,12.95,2.65,34.7,0.34,42777,753,0,0,0,1,0,0
004_5245_FY19,2087.77,1,7020.12,104,220.49,0,1,2.6,5.62,13.31,2.67,6879.76,2.18,5.55,15.78,0.11,2.28,2.79,17.35,1,105,12.77,2.64,38.17,0.22,42777,666,0,0,0,1,0,0
004_5246_FY19,2242.38,1,7162.68,104,160.26,0,1,2.6,5.94,8.73,2.44,3017.41,1.92,5.54,13.63,0.1,2.28,2.68,14.24,4,66,10.9,2.54,32.58,0.1,43644,50,0,0,0,1,0,0
004_5344_FY19,971.3,1,5846.39,78,7.65,0,1,1.9,3.3,14.7,2.74,8570.04,4.01,5.05,22.92,0.2,2.25,3.15,25.43,1,174,15.22,2.76,51.98,0.27,43305,305,0,0,0,1,0,0
005_5906_FY19,0,1,12613.75,1174,23.54,0,1,26.1,8.83,16.23,2.81,2667.09,3.71,5.04,16.89,0.19,2.25,2.84,21.21,1,107,12.88,2.64,44.9,0.08,43522,12,0,0,0,1,0,0
005_5911_FY19,8.7,1,11258.95,1174,172.47,0,1,174.6,72.55,9.13,2.46,49.04,1.2,7.05,9.13,0.06,2.35,2.46,6.11,11,23,8.66,2.43,17.86,0,43522,93,0,0,0,1,0,0
005_6001_FY19,0,1,13835.6,267,2.09,0,1,2.7,6.12,14.03,2.7,10384.42,4.03,5.25,21.45,0.2,2.26,3.07,22.78,1,166,16.68,2.83,49.54,0.33,43487,100,0,0,0,1,0,0
005_6002_FY19,0,1,13983,267,36.2,0,1,2.4,8.21,6.03,2.3,3232.79,2.77,5.01,16.73,0.14,2.25,2.84,18.98,1,99,10.94,2.55,38.38,0.1,43487,47,0,0,0,1,0,0
005_6006_FY19,0,1,13182.99,446,168.34,0,1,20.4,5.72,13.69,2.68,8040.43,2.89,5.52,19.17,0.14,2.28,2.96,23.47,1,129,14.96,2.75,48.12,0.26,43487,229,0,0,0,1,0,0
005_6012_FY19,0,1,11988.63,1174,38.27,0,1,174.6,3.3,14.55,2.73,3936.76,2.74,5,16.62,0.14,2.25,2.83,25.73,6,139,9.09,2.45,53.49,0.13,43522,140,0,0,0,1,0,0
005_6111_FY19,166.64,1,13983.28,267,230.36,0,1,32.4,7.13,14.31,2.72,17916.08,2.5,5.21,19.61,0.12,2.26,2.98,21.32,1,149,13.12,2.66,48.83,0.57,43481,154,0,0,0,1,0,0
005_6120_FY19,0,1,12974.3,446,41.63,0,1,252.3,1.89,10.66,2.53,10136.93,2.21,5.25,17.11,0.11,2.26,2.86,23.34,2,159,12.48,2.62,47.84,0.32,43487,214,0,0,0,1,0,0
005_6122_FY19,47.35,1,12555.15,446,28.98,0,1,22.6,5.63,9.17,2.46,2232.76,2.77,5.11,16.07,0.14,2.26,2.8,16.2,3,90,9.83,2.49,35.75,0.07,43522,92,0,0,0,1,0,0
005_6125_FY19,0,1,12054.69,1174,104.59,0,1,2,3.06,7.37,2.37,12051.49,2.69,5.1,16.4,0.13,2.26,2.82,51.4,5,488,10.57,2.53,103.11,0.38,43522,241,0,0,0,1,0,0
005_6227_FY19,292.44,1,12172.62,446,45.52,0,1,5,8.32,6.69,2.33,5070.05,3.18,5,16.65,0.16,2.25,2.83,23.15,1,149,12.21,2.61,46.77,0.16,43522,12,0,0,0,1,0,0
005_6332_FY19,426.12,1,11815.77,446,118.09,0,1,3.7,6.22,7.22,2.36,1719.63,2.39,5.23,13.99,0.12,2.26,2.7,18.13,2,73,10.93,2.55,37.23,0.05,43522,107,0,0,0,1,0,0
005_6434_FY19,204.39,1,13051.25,267,397.51,0,1,2.6,3.78,11.35,2.57,1678.22,2.32,5.92,14.92,0.12,2.3,2.75,17.21,4,80,11.59,2.58,37.26,0.05,43477,98,0,0,0,1,0,0
005_6534_FY19,1293.75,1,13286.95,267,425.2,0,1,1.3,4.82,17.38,2.87,5825.26,2.63,6.91,25.7,0.13,2.35,3.28,12.43,1,83,20.03,3,33.88,0.19,43472,190,0,0,0,0,1,0
005_6536_FY19,664.94,1,13005.74,267,131.59,0,1,1.3,4.24,16.06,2.8,6396.4,3.94,5.06,23.83,0.2,2.25,3.19,16.53,1,102,18.44,2.92,38.2,0.2,43477,124,0,0,0,0,1,0
005_6541_FY19,0,1,12371.12,267,104.2,0,1,12.8,6.4,6.1,2.31,6725.9,2.5,5.33,17.08,0.12,2.27,2.85,19.1,2,110,12.45,2.62,40.12,0.21,43477,298,0,0,0,1,0,0
005_6546_FY19,0,0,11563.28,267,123.37,0,1,11.8,5.35,15.96,2.8,10882.4,2.64,5.02,17.95,0.13,2.25,2.9,24.27,2,176,13.32,2.67,49.14,0.35,43487,142,0,0,0,1,0,0
005_6638_FY19,1280.86,1,13001.68,267,254.21,1,0,9.3,16.55,8.48,2.42,5599.99,2.26,6.64,22.55,0.11,2.33,3.13,20.05,1,116,18.18,2.91,45.42,0.18,43472,51,0,0,0,1,0,0
005_6639_FY19,1167.37,1,12829.92,267,62.6,1,0,9.3,14.04,15.89,2.79,9242.31,4.9,5,23.71,0.24,2.25,3.19,24.79,4,159,16.97,2.85,53.76,0.29,43472,344,0,0,0,0,1,0
005_6755_FY19,1094.64,1,12096.98,267,124.29,0,1,100.2,12.65,11.03,2.55,5485.25,3.11,5.3,22.86,0.16,2.27,3.14,15.54,1,101,13.14,2.66,36.79,0.17,43472,344,0,0,0,1,0,0
005_6856_FY19,1808.74,1,12395.5,267,103.3,0,1,2.2,3.94,7.26,2.36,4482.79,2.41,5.09,16.66,0.12,2.25,2.83,15.71,1,109,11.61,2.58,33.92,0.14,43472,256,0,0,0,1,0,0
005_6964_FY19,810.83,1,11621.94,267,46.18,1,0,14.1,14.01,8.25,2.41,1340.2,2.41,5.08,16.55,0.12,2.25,2.83,19.62,1,92,9.93,2.5,39.53,0.04,43486,74,0,0,0,1,0,0
005_7061_FY19,949.52,1,11916.14,559,240.32,0,1,3,19.27,8.25,2.41,1693.6,4.4,5.26,21.22,0.22,2.26,3.06,17.44,1,103,14.65,2.73,38.86,0.05,43472,157,0,0,0,1,0,0
005_7062_FY19,1383.81,1,12034.07,559,110.13,0,1,1.2,6.27,9.73,2.49,4027.91,3.12,5.15,17.75,0.16,2.26,2.89,21.54,2,123,12.21,2.61,43.65,0.13,43472,103,0,0,0,1,0,0
005_7065_FY19,1751.14,1,11754.89,267,131.69,0,1,18.1,10.95,18.55,2.93,5979.1,2.92,5.64,23.38,0.15,2.28,3.17,20.24,1,113,18.98,2.95,44.53,0.19,43472,208,0,0,0,0,1,0
005_7072_FY19,426.69,1,10550.28,267,196.23,0,1,9.6,6.11,14.4,2.72,10099.89,3.82,6.1,23.01,0.19,2.31,3.15,22.07,1,126,18.4,2.92,49.57,0.32,43486,96,0,0,0,0,1,0
005_7168_FY19,1954.82,1,11632.53,267,26.31,0,1,8.4,7.22,15.17,2.76,7366.29,3.03,5.21,17.96,0.15,2.26,2.9,24.51,1,174,13.46,2.67,51.08,0.23,43472,47,0,0,0,1,0,0
005_7169_FY19,1742.04,1,11621.66,267,39.08,0,1,8.4,10.5,18.15,2.91,8133.98,3.85,5.45,22.06,0.19,2.27,3.1,21,4,116,16.09,2.8,46.81,0.26,43472,115,0,0,0,0,1,0
005_7273_FY19,1968.02,1,11354.99,267,184.35,0,1,9.5,4.47,12.3,2.62,4216.4,2.1,5.11,15.45,0.1,2.26,2.77,15.91,1,85,11.27,2.56,34.57,0.13,43486,80,0,0,0,1,0,0
005_7369_FY19,198.71,1,10806.62,559,50.89,0,1,3.2,46.64,10.64,2.53,387.39,2.69,5.34,13.06,0.13,2.27,2.65,12.28,4,42,9.5,2.48,26.3,0.01,43229,363,0,0,0,1,0,0
005_7373_FY19,966.33,1,11164.73,559,25.6,0,1,2.7,68.92,5.69,2.28,47.04,0.95,5.45,8.12,0.05,2.27,2.41,2.93,3,12,6.16,2.31,8.74,0,43229,412,0,0,0,1,0,0
005_7477_FY19,876.76,1,11003.85,559,112.21,0,1,2.9,22.53,7.82,2.39,7732.7,3.51,5,21.27,0.18,2.25,3.06,35.05,2,229,12.53,2.63,71.68,0.25,43475,273,0,0,0,1,0,0
005_7484_FY19,1918.83,1,10408.22,267,230.84,0,1,3.9,34.79,12.38,2.62,961.43,1.61,5.18,12.38,0.08,2.26,2.62,16.35,5,78,7.83,2.39,34.88,0.03,43486,120,0,0,0,1,0,0
005_7578_FY19,238.56,1,10437.7,559,165.89,0,1,1.9,28.03,8.41,2.42,5346.51,1.2,5.1,13.64,0.06,2.26,2.68,9.47,2,72,7.81,2.39,23.49,0.17,43475,160,0,0,0,1,0,0
005_7580_FY19,331.87,1,10520.16,559,181.47,0,1,2.9,8.37,11.35,2.57,5617.92,2.68,5.03,16.68,0.13,2.25,2.83,19.92,1,135,11.97,2.6,41.45,0.18,43475,411,0,0,0,1,0,0
005_7586_FY19,1796.25,1,10492.94,267,70.03,0,1,29.9,8.92,20.38,3.02,7972.23,4.65,5.18,23.87,0.23,2.26,3.19,20.47,1,95,17.59,2.88,45.56,0.25,43482,343,0,0,0,0,1,0
005_7679_FY19,74.49,1,9614.21,559,239.96,0,1,3,4.8,12.84,2.64,5754.8,2.63,5.29,17.02,0.13,2.26,2.85,18.1,2,120,14.06,2.7,40,0.18,43119,585,0,0,0,1,0,0
005_7685_FY19,390.24,1,10317.08,559,101.38,0,1,24.5,19.45,7.95,2.4,1110.51,2.38,5.08,15.72,0.12,2.25,2.79,12.1,1,55,10.4,2.52,29.35,0.04,43420,99,0,0,0,1,0,0
005_7686_FY19,676.01,1,10469.56,559,389.16,0,1,24.5,9.5,13.09,2.65,1680.64,3.48,5.44,18.36,0.17,2.27,2.92,26.13,1,105,13.1,2.65,52.98,0.05,43482,84,0,0,0,1,0,0
005_7784_FY19,0,1,9443.73,559,132.88,0,1,0.7,2.94,24.4,3.22,10862.31,6.22,5.82,27.17,0.31,2.29,3.36,24.38,5,146,18.2,2.91,54.7,0.35,43406,200,0,0,0,0,1,0
005_7791_FY19,942.23,1,10484.61,559,243.72,0,1,3.3,5.81,5.6,2.28,11201.29,2.99,5.15,20.79,0.15,2.26,3.04,28.33,1,145,16.32,2.82,62.37,0.36,43482,93,0,0,0,1,0,0
005_8257_FY19,1256.63,1,12721.75,267,86.87,1,0,9.3,4.34,18.6,2.93,6359.55,5.47,5.36,24.41,0.27,2.27,3.22,22.91,1,159,18.49,2.92,47.84,0.2,43472,170,0,0,0,0,1,0
005_8262_FY19,0,1,11894.99,267,130.58,1,0,1,5.83,19.25,2.96,9147.06,3.84,5.09,22.8,0.19,2.25,3.14,22.18,1,152,18.59,2.93,49.08,0.29,43477,66,0,0,0,0,1,0
006_4736_FY19,4475.28,1,9454.86,104,283.27,0,1,1.6,5.04,5.79,2.29,6255.73,1.74,5,15.69,0.09,2.25,2.78,25.49,1,165,7.07,2.35,52.43,0.2,42759,868,0,0,0,0,0,1
006_4737_FY19,4192.99,1,9782.71,104,196.89,0,1,1.6,20.29,5.07,2.25,2670.83,2.62,5.01,17.44,0.13,2.25,2.87,35.77,1,183,8.12,2.41,71.98,0.09,42759,960,0,0,0,0,0,1
006_4840_FY19,4396.7,1,9470.17,104,446.67,0,1,0.3,7.53,6.4,2.32,7917.94,1.23,5.02,11.45,0.06,2.25,2.57,60.35,2,330,6.36,2.32,120.3,0.25,42759,801,0,0,0,0,0,1
006_5364_FY19,2572.34,1,11149.95,104,380.54,0,1,22.8,20.28,6.75,2.34,437.13,0.81,5.17,7.55,0.04,2.26,2.38,44.81,8,168,6.74,2.34,86.37,0.01,42885,679,0,0,0,1,0,0
006_5567_FY19,3731.56,1,10064.39,104,270.44,0,1,1,4.83,7.74,2.39,6397.84,2.76,5.01,18.13,0.14,2.25,2.91,24.63,1,130,12.38,2.62,52.04,0.2,42885,882,0,0,0,1,0,0
006_5569_FY19,3295.35,1,10531.9,104,130.36,0,1,8.9,5.66,15.04,2.75,2014.13,3.5,5.15,18.13,0.18,2.26,2.91,10.94,1,58,13.54,2.68,26.07,0.06,42885,679,0,0,0,0,1,0
006_5673_FY19,3329.78,1,10545.54,104,227.52,0,1,13.1,5.83,9.81,2.49,1497.87,1.61,8.17,15.78,0.08,2.41,2.79,8.91,1,46,13.21,2.66,23.89,0.05,42885,882,0,0,0,0,1,0
006_5882_FY19,2802.62,1,11163.74,104,461.7,0,1,13.1,28.91,5.73,2.29,644.43,2.88,5.73,15.49,0.14,2.29,2.77,15.1,1,54,12.38,2.62,34.26,0.02,42885,911,0,0,0,0,1,0
006_5987_FY19,2632.34,1,11512.28,104,692.09,0,1,3.4,13.26,16.11,2.81,3236.53,3.58,5.15,23.62,0.18,2.26,3.18,18.51,1,99,18.86,2.94,42.98,0.1,42885,640,0,0,0,0,1,0
006_5991_FY19,1492.32,1,12550.95,104,130.09,0,1,6.5,8.89,17.4,2.87,10993.08,2.24,6.01,23.08,0.11,2.3,3.15,21.83,2,129,19.24,2.96,51.97,0.35,42885,774,0,0,0,0,1,0
006_5992_FY19,1153.01,1,12809.51,104,159.92,0,1,2.2,6.05,20.9,3.04,8988.5,2.1,5.73,24,0.1,2.29,3.2,19.58,1,115,19.48,2.97,45.32,0.29,42885,542,0,0,0,0,1,0
006_5993_FY19,934.82,1,13097.99,104,221.41,0,1,3.3,6.71,18.76,2.94,6369.87,5.29,5.01,22.77,0.26,2.25,3.14,20.97,1,184,17.09,2.85,44.9,0.2,42885,851,0,0,0,0,1,0
006_6091_FY19,2299.8,1,11694.48,78,518.43,0,1,3.4,63.44,12.04,2.6,175.14,2.04,5.53,12.04,0.1,2.28,2.6,18.48,5,61,8.89,2.44,35.06,0.01,42885,661,0,0,0,0,0,1
006_6206_FY19,1868.23,1,12074.4,78,495.52,0,1,3.4,3.08,11.8,2.59,11041.52,3.41,5.52,25.2,0.17,2.28,3.26,20.06,1,114,19.75,2.99,47.96,0.35,42885,781,0,0,0,0,1,0
006_6209_FY19,1697.34,1,12958.13,78,324.38,1,0,20.8,3.9,21.21,3.06,9760.62,3.19,8.35,24.71,0.16,2.42,3.24,20.67,1,111,19.84,2.99,45.92,0.31,42885,917,0,0,0,0,1,0
006_8083_FY19,1941.96,1,11226.97,78,451.95,1,0,10.4,8.72,6.53,2.33,1382.65,2.56,5.12,15.01,0.13,2.26,2.75,18.05,2,86,10.09,2.5,40.43,0.04,42885,806,0,0,0,0,0,1
006_8087_FY19,2265.02,1,12118.01,78,133.89,0,1,3.4,52.05,5.08,2.25,132.1,2.68,5.08,13.02,0.13,2.25,2.65,19,2,49,9.4,2.47,35.27,0,42885,816,1,0,0,0,0,0
006_8091_FY19,1036.68,1,13312.49,104,235.6,0,1,2.5,12.75,5.15,2.26,7989.42,2.27,5.15,21.76,0.11,2.26,3.09,19.25,2,130,13.93,2.7,46.67,0.25,42885,876,0,0,0,1,0,0
007_3595_FY19,6176.95,1,10299.42,104,563.41,0,1,2.6,11.11,5.74,2.29,2071.76,1.25,5.01,10.78,0.06,2.25,2.54,77.6,1,301,6.26,2.31,152.74,0.07,43118,432,0,0,0,0,0,1
007_3597_FY19,5872.03,0,10655.57,104,294.95,0,1,2.6,11.44,9.14,2.46,3523.07,2.36,5.12,14.5,0.12,2.26,2.73,32.52,1,152,10.49,2.52,65.87,0.11,42688,858,0,0,0,1,0,0
007_3802_FY19,5984.57,1,9842.85,104,359.95,1,0,3.1,5.67,6.28,2.31,19475.33,2.3,5.01,16.58,0.12,2.25,2.83,24.79,1,186,9.01,2.45,54.26,0.62,43118,415,0,0,0,0,0,1
007_3804_FY19,5666.87,1,10344.41,104,256.46,0,1,0.7,15.99,5.59,2.28,2999.39,2.47,5.04,16.25,0.12,2.25,2.81,48.69,1,279,6.93,2.35,97.59,0.1,43118,678,0,0,0,1,0,0
007_3805_FY19,5433.43,1,10782.66,104,316.6,0,1,3.4,19.56,7.64,2.38,456.55,2.12,5.16,12.68,0.11,2.26,2.63,14.94,2,55,10.15,2.51,31.29,0.01,42688,1129,0,0,0,1,0,0
007_3904_FY19,6144.12,1,9158.04,104,546.01,0,1,1.6,20.68,6.03,2.3,361.28,2.74,5.15,13.79,0.14,2.26,2.69,13.21,5,51,9.71,2.49,26.86,0.01,42515,1045,1,0,0,0,0,0
007_3910_FY19,5174.44,1,10955.76,104,106.5,0,1,3.4,5.55,5.16,2.26,2486.92,2.79,5.05,15.92,0.14,2.25,2.8,23.44,1,149,10.85,2.54,47.06,0.08,42688,1033,0,0,0,1,0,0
007_4010_FY19,5494.08,1,9916.64,104,451.55,0,1,0.7,11.57,15.51,2.78,6258.47,3.23,5.01,17.64,0.16,2.25,2.88,28.51,2,278,11.57,2.58,57.71,0.2,42515,1018,0,0,0,1,0,0
007_4013_FY19,5092.45,1,10596.97,104,249.41,0,1,3.4,26.63,10.67,2.53,1953.5,1.93,5.21,14.04,0.1,2.26,2.7,19.67,1,83,10.98,2.55,41.23,0.06,42688,864,0,0,0,1,0,0
007_4113_FY19,5398.81,1,9667.84,104,637.19,0,1,11.1,0.7,10.82,2.54,5721.25,3.46,5.14,18.53,0.17,2.26,2.93,24.68,1,199,12.78,2.64,49.74,0.18,43578,106,0,0,0,1,0,0
007_4114_FY19,5195.63,1,9798.88,104,467.9,0,1,11.1,13.5,11.95,2.6,2138.67,3.02,5.02,15.18,0.15,2.25,2.76,23.83,2,115,10.79,2.54,49.01,0.07,43578,267,0,0,0,1,0,0
007_4122_FY19,4035.65,1,12096.48,104,199.44,1,0,5.6,60.02,6.23,2.31,104.26,1.83,5.89,11.2,0.09,2.29,2.56,10.03,4,31,9.11,2.46,20.41,0,43214,622,0,0,0,1,0,0
007_4224_FY19,4000.75,1,11595.45,104,569.95,0,1,3.7,56.81,8.88,2.44,357.64,2.65,5.14,12.65,0.13,2.26,2.63,14.35,14,67,8.13,2.41,38.54,0.01,43214,393,0,0,0,1,0,0
007_4329_FY19,3759.17,1,11962.21,104,207.31,0,1,3.7,16.91,11.79,2.59,480.39,2.37,5.44,14.74,0.12,2.27,2.74,31.49,3,106,11.25,2.56,58.27,0.02,43214,450,0,0,0,1,0,0
007_4330_FY19,3617.94,1,12095.91,104,45.58,0,1,3.7,25.9,12.63,2.63,510.8,2.01,5.74,13.37,0.1,2.29,2.67,23.59,2,106,11.23,2.56,41.24,0.02,43214,462,0,0,0,1,0,0
007_4628_FY19,4754.14,1,8430.08,104,57.53,0,1,2.5,8.43,8.11,2.41,1720.81,2.55,5.02,15.32,0.13,2.25,2.77,19.06,3,117,9.9,2.5,38.05,0.05,42066,1603,1,0,0,0,0,0
007_4732_FY19,4605.51,1,8534.62,104,132.44,0,1,2.3,10.95,7.03,2.35,1736.83,2.71,5.43,16.28,0.14,2.27,2.81,28.47,1,125,12.42,2.62,57.48,0.06,42066,1690,1,0,0,0,0,0
007_4734_FY19,4849.86,1,8852.2,104,325.71,0,1,2.3,5.36,21.32,3.07,15518.85,4.25,5.33,24.2,0.21,2.27,3.21,30.96,1,179,17.85,2.89,68.85,0.49,42066,1667,1,0,0,0,0,0
007_4836_FY19,4422.41,1,8587.14,104,40.1,0,1,2.3,7.87,17.23,2.86,13524.14,6.04,5.15,27.12,0.3,2.26,3.36,27.93,2,171,19.04,2.95,59.64,0.43,42066,1667,0,0,0,0,1,0
007_4940_FY19,4284.83,1,8666.18,104,292.38,0,1,2.3,15.98,10.93,2.55,836.59,2.96,6.14,17.26,0.15,2.31,2.86,22.67,2,84,11.99,2.6,45.57,0.03,42041,1489,1,0,0,0,0,0
008_3921_FY19,2569.61,0,12266.6,4417,21.44,0,1,90,13.39,9.63,2.48,455.25,2.59,5.77,14.02,0.13,2.29,2.7,16.9,5,72,10.91,2.55,33.59,0.01,43526,202,0,0,0,1,0,0
008_4023_FY19,3342.49,0,12611.36,4417,291.89,0,1,1.1,8.21,22.12,3.11,10843.28,5.3,5.07,24.88,0.26,2.25,3.24,27.39,1,163,18.94,2.95,59.14,0.35,41365,2398,0,0,0,0,1,0
008_4127_FY19,3527.86,0,12904.26,4417,192.74,0,1,2.6,4.11,10.24,2.51,9874.87,3.49,5.03,22.94,0.17,2.25,3.15,24.62,1,197,13.87,2.69,50.54,0.31,41709,1934,0,0,0,1,0,0
008_4137_FY19,1501.59,0,13193.19,4417,79.42,0,1,194,5.2,17.67,2.88,8491.44,2.57,5,21.22,0.13,2.25,3.06,21.17,1,165,17.07,2.85,47.26,0.27,43439,4,0,0,0,0,1,0
008_4232_FY19,3394,0,13047.75,4417,24.72,0,1,2.6,15.41,6.34,2.32,2307.1,2.83,5.07,15.83,0.14,2.25,2.79,19.07,1,93,10.57,2.53,39.3,0.07,41709,1877,0,0,0,1,0,0
008_4238_FY19,2005.03,0,13174.54,4417,133.86,0,1,194,6,18.15,2.91,8714.87,4.77,5.09,22.11,0.24,2.25,3.11,29.15,1,228,16.97,2.85,62.43,0.28,42002,1441,0,0,0,0,1,0
008_4336_FY19,3333.7,0,13407.04,4417,5.04,0,1,180.7,8.28,6.55,2.33,3153.95,4.04,5,20.46,0.2,2.25,3.02,22.81,3,142,11.93,2.6,45.62,0.1,,4015,0,0,0,1,0,0
008_4342_FY19,2379.62,0,13561.44,4417,169.46,0,1,1,5.98,20.37,3.02,15096.18,3.58,5.45,24.68,0.18,2.27,3.23,26.32,1,199,19.95,3,58.87,0.48,43565,50,0,0,0,0,1,0
008_4344_FY19,1993.43,0,13557.16,4417,69.19,0,1,194,6.07,16.1,2.8,7723.6,3.13,5.11,22.01,0.16,2.26,3.1,19.04,1,107,16.3,2.81,45.54,0.25,43439,8,0,0,0,0,1,0
008_4448_FY19,2230.2,0,13810.66,4417,104.95,0,1,194,8.25,15.53,2.78,7978.53,3.88,5.54,21.14,0.19,2.28,3.06,20.18,1,158,15.83,2.79,43.47,0.25,43439,8,0,0,0,0,1,0
008_4538_FY19,3061.27,1,12356.6,104,354.78,1,0,25.2,10.23,17.15,2.86,7645.71,4.06,5.14,24.65,0.2,2.26,3.23,20.48,1,140,19.09,2.95,48.23,0.24,41709,2165,0,0,0,0,1,0
008_4548_FY19,2500.99,0,13931.99,4417,194.81,0,1,3.9,13.12,17.6,2.88,5651.28,4.49,5.05,21.22,0.22,2.25,3.06,19.17,1,129,16.74,2.84,39.85,0.18,43565,63,0,0,0,0,1,0
008_4549_FY19,2234.21,0,14165.21,4417,276.87,0,1,0.9,3.99,5.73,2.29,5386.25,4.78,5.04,21.35,0.24,2.25,3.07,18.83,1,129,16.27,2.81,38.97,0.17,43565,76,0,0,0,0,1,0
008_4644_FY19,2741.57,1,12728.25,104,112.95,1,0,25.2,6.44,14.06,2.7,4927.64,4.49,5.02,22.5,0.22,2.25,3.13,16.62,1,123,16.3,2.81,41.11,0.16,41709,2093,0,0,0,1,0,0
008_4751_FY19,2111.17,1,13637.48,104,142.57,0,1,180.7,9.96,15.58,2.78,9354.64,2.92,5.07,20.5,0.15,2.25,3.03,24.63,1,131,14.43,2.72,52.29,0.3,41709,1810,0,0,0,1,0,0
008_4753_FY19,2293.7,1,14193.82,104,70.49,0,1,13.9,3.57,11.51,2.58,7550.68,2.45,5.15,18.93,0.12,2.26,2.95,18.37,1,129,12.8,2.64,38.77,0.24,41708,1933,0,0,0,1,0,0
008_4764_FY19,1626.02,1,13459.66,1174,220.85,0,1,5.5,3.76,8.61,2.43,876.59,1.81,5.59,12.78,0.09,2.28,2.64,14.24,6,80,9.78,2.49,30.92,0.03,43537,97,0,0,0,1,0,0
008_4765_FY19,1615.84,1,13352.28,1174,210.79,0,1,5.5,21.27,7.39,2.37,944.87,2.01,5.4,12.78,0.1,2.27,2.64,11.38,5,63,9.79,2.49,27,0.03,43537,10,0,0,0,1,0,0
008_4771_FY19,1171.46,1,11801.75,1174,84.05,0,1,4.1,7.65,5.35,2.27,2214.82,2.36,5.79,14.48,0.12,2.29,2.72,19.33,1,106,11.61,2.58,45.19,0.07,43537,79,0,0,0,1,0,0
008_4853_FY19,2131.02,1,13189.27,104,219.34,1,0,25.2,5.2,13.8,2.69,7593.57,3.37,5.05,20.67,0.17,2.25,3.03,33.49,3,231,14.7,2.74,69.19,0.24,41709,1933,0,0,0,1,0,0
008_4860_FY19,1503.7,0,15000.49,4417,12.75,0,1,5.1,2.08,23.58,3.18,8547.62,5.38,5.65,24.97,0.27,2.28,3.25,21.24,2,132,17.57,2.88,46.79,0.27,43567,41,0,0,0,0,1,0
008_4976_FY19,1233.85,1,12182.54,1174,153.4,0,1,5,16.68,15.08,2.75,2494.96,2.48,6.71,18.46,0.12,2.34,2.92,21.16,2,102,13.2,2.66,47.71,0.08,43537,204,0,0,0,1,0,0
008_5168_FY19,870.4,1,14408.54,104,287.94,0,1,3.9,5.27,20.79,3.04,10718.73,3.1,5.09,25.21,0.16,2.25,3.26,18.86,1,127,21.67,3.08,44.8,0.34,43272,275,0,0,0,0,1,0
008_5185_FY19,721.52,1,11725.08,1174,202.91,0,1,3.8,4.19,18.5,2.93,12226.8,4.38,5.55,30.83,0.22,2.28,3.54,32.95,1,208,17.94,2.9,69.17,0.39,43537,258,0,0,0,0,1,0
008_5269_FY19,907.31,1,13414.41,104,244.87,0,1,3.9,4.19,9.78,2.49,10043.01,2.68,5.01,17.55,0.13,2.25,2.88,20.37,1,130,12.3,2.62,43.75,0.32,41709,1957,0,0,0,1,0,0
008_5375_FY19,393.53,1,14079.39,104,246.63,0,1,180.7,9.93,14.71,2.74,14742.85,1.84,5.14,19.56,0.09,2.26,2.98,21.09,1,149,16.04,2.8,50.09,0.47,43159,632,0,0,0,1,0,0
008_5377_FY19,646.15,1,14653.13,104,293.02,0,1,1.7,6.37,14.36,2.72,9577.75,2.65,5.08,22.5,0.13,2.25,3.13,18.7,2,120,17.66,2.88,46.64,0.3,43160,678,0,0,0,0,1,0
008_5381_FY19,188,0,14426.65,1174,43.38,0,1,334,7.71,13.11,2.66,7412.25,3.38,5.12,18.44,0.17,2.26,2.92,41.68,1,227,12.13,2.61,83.34,0.24,43161,482,0,0,1,0,0,0
008_5495_FY19,0,1,11690.97,1174,63.05,0,1,7,3.15,15.44,2.77,9068.35,2.75,5.12,20.76,0.14,2.26,3.04,20.25,1,116,15.97,2.8,47.24,0.29,42435,1468,0,0,0,1,0,0
008_5579_FY19,402.08,1,13335.59,104,234.21,0,1,11.1,5.9,16.55,2.83,7375.35,3.49,5,17.95,0.17,2.25,2.9,19.8,1,176,12.07,2.6,40.49,0.23,43158,394,0,0,0,1,0,0
008_5584_FY19,56.46,1,14377.06,104,206.93,0,1,46.2,3.62,13.44,2.67,11958.47,2.91,5.02,19.58,0.15,2.25,2.98,24.53,3,165,13.24,2.66,51.19,0.38,43159,511,0,0,0,1,0,0
008_5592_FY19,0,1,13374.83,1174,248.01,0,1,6.9,2.58,13.39,2.67,7395.23,3.05,5,20.45,0.15,2.25,3.02,24.68,2,160,12.79,2.64,49.45,0.24,43207,434,0,0,0,1,0,0
008_5597_FY19,0,1,11981.35,1174,21.04,0,1,3.6,1.71,18.63,2.93,10423.36,3.37,5.49,22.04,0.17,2.27,3.1,23.76,1,124,17.39,2.87,53.53,0.33,42419,1271,0,0,0,0,1,0
008_5696_FY19,0,0,13414.87,1174,160.52,0,1,2.2,7.41,5.13,2.26,7038.02,2.4,5.13,16.95,0.12,2.26,2.85,25.01,1,155,13.89,2.69,54.67,0.22,43207,436,0,0,0,1,0,0
008_5697_FY19,0,1,13031.94,1174,145.88,0,1,5.5,9.81,15.37,2.77,5513.22,3.29,5.1,21.67,0.16,2.25,3.08,22.62,1,116,15.04,2.75,48.6,0.18,43207,297,0,0,0,1,0,0
008_5796_FY19,12.86,0,14191.16,446,142.42,0,1,3.4,7.5,14.6,2.73,2395.29,3.05,5.02,16.04,0.15,2.25,2.8,19.56,1,84,12.88,2.64,40.94,0.08,43161,526,0,0,0,1,0,0
008_5892_FY19,220.64,1,13630.74,104,100.15,0,1,1,13.11,19.48,2.97,6062.23,5.1,5.11,23.56,0.25,2.26,3.18,18.29,1,91,19.89,2.99,41.33,0.19,43086,584,0,0,0,0,1,0
009_2674_FY19,2540.98,0,8937.72,4417,140.84,0,1,4.2,53.76,8.65,2.43,754.49,1.87,6.52,14.14,0.09,2.33,2.71,17.77,18,91,11.45,2.57,47.53,0.02,42872,794,1,0,0,0,0,0
009_3093_FY19,1273.24,0,10207.51,4417,167.67,0,1,192.7,27.16,7.69,2.38,4119.11,3.17,5.51,20.03,0.16,2.28,3,33.99,3,148,12.03,2.6,68.98,0.13,43133,557,0,0,0,1,0,0
009_3191_FY19,3050.78,0,10162.77,4417,32.46,1,0,196.4,9.79,18.94,2.95,9650.87,4.15,5,21.66,0.21,2.25,3.08,23.74,4,117,15.08,2.75,58.37,0.31,42872,561,1,0,0,0,0,0
009_3192_FY19,2564.86,0,10291.64,4417,14.33,1,0,196.4,6.54,6.81,2.34,15028.09,5.34,5,25.77,0.27,2.25,3.29,33.95,3,250,15.29,2.76,68.28,0.48,42872,822,0,0,0,0,1,0
009_3197_FY19,1260.59,0,10375.98,4417,235.07,0,1,41.4,33.94,11.33,2.57,8274.96,1.67,5.06,15.19,0.08,2.25,2.76,18.73,6,115,12.3,2.61,45.27,0.26,43133,449,0,0,0,0,1,0
010_1657_FY19,3074.71,0,9122.47,4417,60.28,0,1,0.6,15.01,11.45,2.57,18388.7,3.7,5,18.64,0.18,2.25,2.93,32.91,5,258,10.5,2.52,69.99,0.59,,4015,0,0,1,0,0,0
010_1762_FY19,2712.44,0,9570.77,4417,24.81,1,0,4.9,3.04,5.89,2.29,19964.67,4.03,5.01,22.47,0.2,2.25,3.12,40.11,5,285,14.12,2.71,84.72,0.64,,4015,0,0,1,0,0,0
010_1866_FY19,2302.02,0,9741.22,4417,251.46,0,1,1.1,36.23,5.33,2.27,9175.58,0.58,5.04,7.25,0.03,2.25,2.36,182.09,13,821,5.56,2.28,368.71,0.29,42059,1522,0,0,0,0,0,1
010_1867_FY19,2488.69,0,9821.77,4417,35.35,0,1,1.8,6.31,6.67,2.33,21235.53,3.39,5.01,19.09,0.17,2.25,2.95,35.95,3,243,12.1,2.61,76.16,0.68,,4015,0,0,1,0,0,0
010_1970_FY19,2124.45,0,9978.25,4417,218.04,0,1,4.1,18.26,5.06,2.25,11925.61,1.66,5,18.59,0.08,2.25,2.93,116.3,6,994,6.22,2.31,292.61,0.38,42059,1553,0,0,0,0,0,1
010_2803_FY19,0,0,11707.98,4417,98.94,0,1,1.5,8.03,20.92,3.05,9269.9,2.98,5.06,21.93,0.15,2.25,3.1,22.74,1,128,17.07,2.85,55.55,0.3,42046,1460,0,0,0,0,1,0
010_2909_FY19,0,0,12361.69,4417,61.19,1,0,7.6,6.32,14.24,2.71,17624.45,3.18,5.07,20.05,0.16,2.25,3,36.1,3,228,12.82,2.64,73.79,0.56,,4015,0,0,0,1,0,0
010_3014_FY19,43.29,0,12798.74,4417,43.44,0,1,3,7.45,19.82,2.99,24171.91,3.95,5.09,22.01,0.2,2.25,3.1,46.42,3,287,16.5,2.82,99.13,0.77,,4015,0,0,1,0,0,0
010_3112_FY19,0,1,11987.92,4417,160.41,0,1,190.4,4.34,17.51,2.88,9834.92,1.88,7.83,21.22,0.09,2.39,3.06,20.9,1,126,17.27,2.86,46.65,0.31,43208,496,0,0,0,1,0,0
010_3119_FY19,337.23,0,13082.72,1174,41.96,0,1,31.6,4.35,9.44,2.47,16959.51,4.03,5.1,22.04,0.2,2.26,3.1,35.35,3,203,14.37,2.72,75.02,0.54,,4015,0,0,1,0,0,0
010_3208_FY19,0,1,11140.86,4417,381.25,1,0,6,11.94,12.34,2.62,2117.52,3.17,6.45,20.3,0.16,2.32,3.02,20.02,7,92,14.69,2.73,57.45,0.07,43204,480,0,0,0,0,1,0
010_3219_FY19,0,0,12587.19,4417,21.53,0,1,1.2,3.57,17,2.85,8742.36,2.04,8.08,21.05,0.1,2.4,3.05,17.34,4,101,15.92,2.8,42.18,0.28,43208,551,0,0,0,1,0,0
010_3220_FY19,0,0,12759.26,4417,123.56,0,1,1.2,6.17,16.01,2.8,8620.69,2.04,5.23,22.6,0.1,2.26,3.13,17.62,1,110,17.11,2.86,41.21,0.27,43208,442,0,0,0,1,0,0
010_3323_FY19,0,0,12927.6,4417,204.82,0,1,190.4,6.31,15.58,2.78,7212.52,1.64,8.76,21.61,0.08,2.44,3.08,13.01,1,78,16.83,2.84,30.92,0.23,43208,413,0,0,0,1,0,0
010_3324_FY19,35.16,0,13076.49,4417,341.95,0,1,190.4,3.28,17.32,2.87,11030.45,2.98,5.1,22.1,0.15,2.25,3.11,27.45,1,166,17.61,2.88,58.16,0.35,43208,412,0,0,0,1,0,0
010_3407_FY19,593.43,0,10890.77,4417,55.79,0,1,128.6,24.25,9.25,2.46,1506.78,3.57,5.38,20.32,0.18,2.27,3.02,22.73,8,102,12.99,2.65,51.04,0.05,41679,1878,0,0,0,1,0,0
010_3415_FY19,0,1,11707.27,4417,149.72,1,0,6,2.61,12.49,2.62,3883.05,2.79,5.26,20.83,0.14,2.26,3.04,21.54,1,112,13.41,2.67,47.11,0.12,43204,302,0,0,0,1,0,0
010_3418_FY19,0,1,11759.04,4417,55.3,0,1,22.6,3.42,14.91,2.75,3971.99,3.05,5.36,18.36,0.15,2.27,2.92,22.74,1,113,13.73,2.69,48.07,0.13,43204,412,0,0,0,1,0,0
010_3424_FY19,0,1,12504.77,4417,64.59,0,1,190.4,12.12,15.11,2.76,5858.46,3.29,6.27,23.47,0.16,2.31,3.17,34.83,1,151,16.77,2.84,77.54,0.19,43208,468,0,0,0,1,0,0
010_3427_FY19,0,1,13046.71,1174,30.53,0,1,190.4,5.45,17.53,2.88,7691.5,3.33,6.11,20.52,0.17,2.31,3.03,27.05,1,117,15.22,2.76,59.68,0.24,43208,458,0,0,0,1,0,0
010_3429_FY19,317.42,0,12859.16,1174,212.57,0,1,190.4,7.93,9.74,2.49,2530.41,3.09,5.27,19.59,0.15,2.26,2.98,22.91,1,100,14.92,2.75,49.31,0.08,43497,60,0,0,0,1,0,0
010_3529_FY19,0,1,13087.59,4417,61.03,0,1,45,4.76,10.16,2.51,7187.8,3.71,5.06,21.64,0.19,2.25,3.08,31.56,1,163,17.14,2.86,66.06,0.23,43202,579,0,0,0,1,0,0
010_3532_FY19,19.99,0,12577.25,1174,232.79,0,1,190.4,8.95,13,2.65,7624.09,3.48,5.07,21.44,0.17,2.25,3.07,26.21,1,143,16.7,2.83,54.63,0.24,43202,499,0,0,0,1,0,0
010_3613_FY19,1407.41,0,11615.72,4417,96.87,0,1,15.4,10.93,5.14,2.26,1205.5,2.73,5.14,14.26,0.14,2.26,2.71,23.04,1,85,11.53,2.58,50.36,0.04,43601,211,0,0,0,1,0,0
010_3722_FY19,217.92,0,11912.43,4417,114.66,0,1,5.5,4.43,17.03,2.85,9567.66,3.51,5.15,23.07,0.18,2.26,3.15,22.37,1,136,17.62,2.88,51.86,0.3,41677,1980,0,0,0,0,1,0
010_3738_FY19,0,0,12538.46,1174,164.66,0,1,45,8.76,11.91,2.6,7677.71,2.61,6.53,20.72,0.13,2.33,3.04,37.84,1,233,15.52,2.78,82.31,0.24,43202,399,0,0,0,1,0,0
010_3840_FY19,0,0,12625.8,1174,30.72,0,1,58.2,6.39,11.38,2.57,7536.18,3.81,5.1,22.15,0.19,2.26,3.11,27.38,1,148,16.35,2.82,61.55,0.24,43202,379,0,0,0,1,0,0
010_3924_FY19,1925.11,0,12441.27,4417,147.97,0,1,128.6,37.45,7.29,2.36,2612,1.73,7.09,14.32,0.09,2.35,2.72,16.13,1,88,11.58,2.58,36.2,0.08,43539,141,0,0,0,1,0,0
010_3928_FY19,1069.51,0,12436.92,4417,115.17,0,1,27.2,584.39,11.84,2.59,0,,,,,,,,,,,,,0,42828,705,0,0,0,1,0,0
010_3937_FY19,0,1,13123.81,4417,37.58,0,1,3.7,4.6,9.12,2.46,476.6,1.77,5.18,12.56,0.09,2.26,2.63,10.55,1,47,9.56,2.48,23.43,0.02,43203,564,0,0,0,1,0,0
010_3943_FY19,0,1,12495.64,1174,20.8,0,1,58.2,13.18,17.39,2.87,4609.47,4.12,5.07,22.14,0.21,2.25,3.11,37.88,1,212,15.55,2.78,76.49,0.15,43202,393,0,0,0,1,0,0
010_4034_FY19,1100.3,0,12881.47,4417,195.9,0,1,27.2,6.03,17,2.85,5836.49,2.33,5.37,21.63,0.12,2.27,3.08,12.27,1,67,17.96,2.9,32.08,0.19,41718,2063,0,0,0,0,1,0
010_4037_FY19,701.31,1,13089.62,4417,161.88,0,1,3.4,8.62,7.13,2.36,10920.67,4.17,5.41,23.77,0.21,2.27,3.19,20.43,1,134,17.05,2.85,47.04,0.35,41718,1800,0,0,0,0,1,0
010_4041_FY19,0,1,13283.92,4417,32.01,0,1,56,16.73,15.98,2.8,2135.37,3.17,6.56,21.81,0.16,2.33,3.09,27.33,2,126,14.09,2.7,59.43,0.07,43203,315,0,0,0,1,0,0
010_4043_FY19,0,1,13119.17,1174,12.37,0,1,56,6.93,14.34,2.72,6304.79,3.98,5.01,21.73,0.2,2.25,3.09,31.96,6,185,15.98,2.8,67.61,0.2,43203,413,0,0,0,1,0,0
010_4047_FY19,0,1,12359.6,1174,26.72,0,1,94.5,0.81,19,2.95,6117.91,2.85,6.16,20.08,0.14,2.31,3,35.24,1,279,15.3,2.76,71.26,0.19,43202,422,0,0,0,1,0,0
010_4048_FY19,0,1,12238.88,1174,156.93,0,1,58.2,5.81,13.21,2.66,4404.43,4.6,5.01,22.13,0.23,2.25,3.11,22.05,1,157,15.96,2.8,46.46,0.14,43202,432,0,0,0,1,0,0
010_4453_FY19,1022.54,1,13672.6,1174,71.5,0,1,27,2.27,20.25,3.01,9150.97,3.75,5.12,21.87,0.19,2.26,3.09,19.9,1,114,18.22,2.91,44.82,0.29,43439,289,0,0,0,0,1,0
010_4664_FY19,868.65,1,12867,1174,65.04,0,1,21.8,10.52,5.89,2.29,1403.22,2.97,5.01,14.67,0.15,2.25,2.73,20.13,4,116,11.36,2.57,42.52,0.04,43539,134,0,0,0,1,0,0
011_1409_FY19,8660.11,0,6093.79,4417,44.02,1,0,187.2,5.32,18.89,2.94,16743.95,2.73,5.98,21.82,0.14,2.3,3.09,28.49,1,229,16.44,2.82,62.4,0.53,42872,645,1,0,0,0,0,0
011_1615_FY19,8818.05,0,6867.37,4417,186.82,1,0,9.7,1,12.57,2.63,12125.18,2.49,5.13,18.87,0.12,2.26,2.94,25.3,1,140,13.56,2.68,52.74,0.39,42872,748,0,0,0,1,0,0
011_1619_FY19,7830.51,0,6470.07,4417,142.92,1,0,187.2,4.32,11.81,2.59,11871.05,2.86,5.2,19.69,0.14,2.26,2.98,19.03,2,159,13.93,2.7,39.67,0.38,42872,632,0,0,0,1,0,0
011_1620_FY19,7556.38,0,6350.84,4417,101.85,0,1,1.2,6.16,15.37,2.77,13581.93,2.78,5.24,21.92,0.14,2.26,3.1,25.97,1,181,16.2,2.81,54.33,0.43,42872,821,1,0,0,0,0,0
011_1720_FY19,8548.97,0,6954.75,4417,53.97,1,0,187.2,0.9,16.62,2.83,17577.59,2.75,5.52,24.28,0.14,2.28,3.21,25.47,1,154,16.66,2.83,55.31,0.56,42872,555,0,0,0,1,0,0
011_1723_FY19,7607.67,0,6692.07,4417,157.07,1,0,187.2,2.23,13.71,2.69,14342.54,2.95,5.19,21.03,0.15,2.26,3.05,21.58,1,134,15.85,2.79,44.82,0.46,42872,581,1,0,0,0,0,0
011_1728_FY19,6532.89,0,6364.93,4417,14.36,0,1,11.5,3.91,9.05,2.45,1294.36,2.22,5.14,14.98,0.11,2.26,2.75,12.19,1,63,10.08,2.5,24.31,0.04,42872,708,0,0,0,1,0,0
011_1829_FY19,6835.48,0,6839.88,4417,184.99,0,1,0.5,1.6,19.31,2.97,10797.53,2.3,8.32,21.43,0.12,2.42,3.07,25.05,2,152,17.14,2.86,56.88,0.34,42872,751,1,0,0,0,0,0
011_1927_FY19,8231.94,0,7642.14,4417,126.2,1,0,45.8,4.19,22.15,3.11,14633,2.87,5.42,23.8,0.14,2.27,3.19,29.25,1,165,17.7,2.89,61.75,0.47,42872,805,1,0,0,0,0,0
011_1933_FY19,7028.09,0,6991.35,4417,113.2,0,1,0.5,3.89,13.58,2.68,12709.16,3.18,5.34,23.92,0.16,2.27,3.2,25.6,1,239,17.14,2.86,52.53,0.4,42872,834,1,0,0,0,0,0
011_2032_FY19,7981.26,0,7770.56,4417,65.36,1,0,3.2,2.36,17.36,2.87,17008.54,2.74,5.14,24.48,0.14,2.26,3.22,21.61,1,146,16.86,2.84,49.64,0.54,42872,862,1,0,0,0,0,0
011_2033_FY19,7644.69,0,7692.66,4417,37.72,1,0,4.7,4.15,11.41,2.57,16108.91,4.86,5.05,27.19,0.24,2.25,3.36,34.5,1,226,21.19,3.06,70.05,0.51,42872,820,0,0,0,1,0,0
011_2037_FY19,6711.5,0,7187.24,4417,383.04,0,1,0.5,9.24,9.4,2.47,8987.66,3.91,5,24.57,0.2,2.25,3.23,27.3,1,160,18.19,2.91,55.57,0.29,42872,1013,1,0,0,0,0,0
011_2133_FY19,8658.91,0,8484.82,4417,24.34,0,1,0.9,5.47,14.71,2.74,8672.44,3.19,5.03,19.95,0.16,2.25,3,18.51,1,106,15.41,2.77,41.67,0.28,42872,841,0,0,0,0,1,0
011_2134_FY19,8274.24,0,8330.15,4417,82.48,1,0,45.8,5.45,16.39,2.82,11484.2,2.74,5.26,21.58,0.14,2.26,3.08,21.38,1,120,16.28,2.81,47.04,0.37,42872,736,0,0,0,0,1,0
011_2139_FY19,6522.95,0,7786.26,4417,613.73,0,1,1,9.22,11.97,2.6,6057.05,3.37,6.03,21.64,0.17,2.3,3.08,28.64,1,137,16.88,2.84,60.28,0.19,42872,979,1,0,0,0,0,0
011_2239_FY19,8136.6,0,8484.25,4417,0.8,1,0,45.8,2.13,18.71,2.94,19774.52,4.67,5.27,29.09,0.23,2.26,3.45,22.11,1,133,19.9,2.99,53.18,0.63,42872,806,1,0,0,0,0,0
011_2240_FY19,7891.97,0,8278.17,4417,72.9,1,0,45.8,5.73,12.03,2.6,8310.9,3.2,5.02,20.82,0.16,2.25,3.04,22.53,1,162,13.58,2.68,46.51,0.26,42872,560,1,0,0,0,0,0
011_2243_FY19,6866.91,0,8162.19,4417,80.22,0,1,2,3.51,8.91,2.45,10307.01,3.33,5.85,21.79,0.17,2.29,3.09,32.64,1,180,16.35,2.82,68.25,0.33,42872,792,1,0,0,0,0,0
011_2247_FY19,5904.03,0,7815.15,4417,208.22,0,1,1,16.27,7.4,2.37,977.75,2.76,5.22,17.53,0.14,2.26,2.88,28.2,1,173,11.52,2.58,61.82,0.03,42872,749,0,0,0,0,0,1
011_2248_FY19,5770.14,0,7814.02,4417,248.22,0,1,1,5.46,11.2,2.56,2191.37,3.84,5.06,19.59,0.19,2.25,2.98,29.46,1,173,12.86,2.64,59.1,0.07,42872,860,0,0,0,0,0,1
011_2342_FY19,8161.55,0,8655.33,4417,88.74,1,0,45.8,5.88,16.36,2.82,11911.34,3.18,5.02,22.48,0.16,2.25,3.12,21.1,1,121,16.23,2.81,47.47,0.38,42872,748,0,0,0,0,1,0
011_2343_FY19,7890.78,0,8730.45,4417,38.12,0,1,16.8,5.37,13.65,2.68,11884.21,4.37,5.46,22.42,0.22,2.27,3.12,31.25,1,193,17.15,2.86,63.44,0.38,42872,854,0,0,0,1,0,0
011_2350_FY19,6108.68,0,8123.01,4417,309.35,1,0,15.7,8.72,15.33,2.77,9213.68,3.26,5.34,22.2,0.16,2.27,3.11,29.64,1,169,17.94,2.9,65.07,0.29,42872,912,1,0,0,0,0,0
011_2555_FY19,6479.8,0,8880.6,4417,598.47,1,0,23.7,7.51,18.33,2.92,10563.66,3.71,5.22,23.37,0.19,2.26,3.17,28.74,1,205,18.24,2.91,61.54,0.34,42872,841,1,0,0,0,0,0
011_2556_FY19,6469.17,0,8830.69,4417,618.58,1,0,23.7,5.67,15.89,2.79,8015.7,3.87,5.22,23.36,0.19,2.26,3.17,23.1,1,126,16.52,2.83,49.97,0.26,42872,702,1,0,0,0,0,0
011_2656_FY19,7489.75,0,9313.41,4417,63.43,0,1,11.3,1.38,14.38,2.72,8981.12,3.38,5.71,23.7,0.17,2.29,3.19,16.17,1,91,19.2,2.96,38.44,0.29,42872,950,0,0,0,1,0,0
011_2661_FY19,6054.63,0,8939.41,4417,767.56,1,0,15.7,9.95,8.42,2.42,3141.02,2.59,5.03,14.15,0.13,2.25,2.71,70.07,3,282,7.71,2.39,139.2,0.1,42872,979,0,0,0,0,0,1
011_2662_FY19,5760.48,0,8987.1,4417,650.27,0,1,11.7,18.58,7.5,2.38,5727.69,3.8,5.01,18.54,0.19,2.25,2.93,66.89,2,476,8.49,2.42,133.42,0.18,42872,738,0,0,0,0,0,1
011_2759_FY19,7619.71,0,9542.1,104,41.5,0,1,15.1,30.88,12.18,2.61,537.42,3.26,5.04,13.73,0.16,2.25,2.69,22.41,8,88,10.32,2.52,47.6,0.02,42872,784,0,0,0,1,0,0
011_2762_FY19,6697.58,0,9372.31,4417,367.2,0,1,2.2,4.89,10.85,2.54,4573.17,2.29,5.07,15.43,0.11,2.25,2.77,19.57,1,109,12.15,2.61,41.33,0.15,42872,751,0,0,0,1,0,0
011_2771_FY19,4434.25,0,9110.5,4417,548.41,0,1,11.7,8.27,8.84,2.44,7076.99,3.56,5.04,21.1,0.18,2.25,3.06,27.17,1,166,14.47,2.72,57.06,0.23,42872,860,0,0,0,0,0,1
011_2865_FY19,7067.64,0,9916.23,4417,82.21,0,1,0.9,9.01,21.71,3.09,7837.88,2.3,5.49,26.22,0.12,2.27,3.31,12.45,1,88,20.65,3.03,31.54,0.25,42872,560,0,0,0,0,1,0
011_2867_FY19,6387.54,0,9560.43,4417,593.78,0,1,2.2,3.41,14.54,2.73,8971.16,3.25,5.51,21.12,0.16,2.28,3.06,22.22,1,118,15.47,2.77,46.77,0.29,42872,632,1,0,0,0,0,0
011_2872_FY19,5053.25,0,9456.93,4417,640.77,0,1,2.8,31.64,8.06,2.4,540,1.44,5.17,12.9,0.07,2.26,2.64,10.89,1,54,7.64,2.38,22.34,0.02,,4015,0,0,0,0,0,1
011_2873_FY19,4885.99,0,9414.35,4417,609.49,0,1,11.7,7.64,11.42,2.57,1536.42,2.21,5.01,14.13,0.11,2.25,2.71,19.01,1,99,9.1,2.46,37.92,0.05,,4015,0,0,0,0,0,1
011_2974_FY19,5660.45,0,9794.48,4417,603.4,0,1,2.8,22.56,5.6,2.28,3310.69,3.97,5.01,19.07,0.2,2.25,2.95,123.53,4,564,12.07,2.6,263.06,0.11,42872,741,0,0,0,0,0,1
011_3072_FY19,7326.14,0,9489.14,104,232.97,0,1,4.9,10.56,5.56,2.28,1510.79,3.14,5.04,16,0.16,2.25,2.8,21.22,1,89,12.33,2.62,44.88,0.05,42872,780,0,0,0,1,0,0
011_3075_FY19,6272.36,0,10319.25,4417,328.98,0,1,0.3,7.3,5.84,2.29,5927.05,3.16,5.04,18.33,0.16,2.25,2.92,21.37,1,115,13.69,2.68,46.13,0.19,42872,733,1,0,0,0,0,0
011_3279_FY19,7468.7,0,9194.54,104,116.05,0,1,1.9,2.02,21.66,3.08,10898.24,2,6.01,25.7,0.1,2.3,3.29,18.46,1,104,21.37,3.07,46.99,0.35,42872,720,0,0,0,0,1,0
011_3290_FY19,4397.43,0,10693.61,4417,734.69,0,1,1.2,4.84,19.74,2.99,7492.41,3.07,5.03,21.98,0.15,2.25,3.1,18,1,128,18.99,2.95,41.55,0.24,42872,581,0,0,0,0,1,0
011_3382_FY19,7372.84,1,8887.85,104,93.71,0,1,1.9,27.1,10.99,2.55,2627.5,4.3,6.13,21.63,0.21,2.31,3.08,20.36,1,95,16.04,2.8,47.82,0.08,42872,762,0,0,0,1,0,0
011_3489_FY19,6707.61,1,9686.49,104,198.64,1,0,17.5,3.61,15.62,2.78,13393.93,4.22,5.08,24,0.21,2.25,3.2,30.14,1,162,17.34,2.87,65.67,0.43,42872,680,1,0,0,0,0,0
011_3498_FY19,4453.12,0,11209.71,4417,374.48,0,1,1.2,1.87,23.1,3.15,10884.9,5.32,5.04,25.22,0.27,2.25,3.26,27,1,153,20.27,3.01,55,0.35,42872,561,0,0,0,0,1,0
012_1076_FY19,12475.17,1,6375.1,109,53.9,1,0,287.5,6.58,10.29,2.51,18394.24,3.75,5.24,26.86,0.19,2.26,3.34,29.99,1,180,18.15,2.91,70.71,0.59,43149,456,0,0,0,1,0,0
012_1078_FY19,12605.56,1,7032.32,109,230.07,0,1,1.3,14.85,11.55,2.58,465.98,2.89,5.2,14.46,0.14,2.26,2.72,18.67,6,69,11.49,2.57,41.92,0.01,43561,103,0,0,0,1,0,0
012_1083_FY19,12504.54,0,8030.01,4417,282.89,0,1,1.2,6.29,12.56,2.63,12154.64,2.62,5.06,18.84,0.13,2.25,2.94,21.26,1,156,13.53,2.68,44.69,0.39,42369,1345,0,0,0,1,0,0
012_1091_FY19,10543.43,0,6369.58,4417,0,1,0,2.1,0.84,9.37,2.47,13785.84,2.48,5.12,19.86,0.12,2.26,2.99,19.68,1,176,11.53,2.58,40.08,0.44,43185,599,0,1,0,0,0,0
012_1093_FY19,9995.12,0,5805.91,4417,101.21,0,1,2.2,4.11,15.18,2.76,12021.63,3.45,5.12,21.46,0.17,2.26,3.07,19.74,1,119,16.47,2.82,43.62,0.38,43193,526,0,0,0,0,1,0
012_1179_FY19,12186.88,1,6091.36,109,0,0,1,37.1,4.52,20.8,3.04,11803.92,4.29,5.01,26.34,0.21,2.25,3.32,53.64,1,631,17.79,2.89,108.45,0.38,,4015,0,1,0,0,0,0
012_1183_FY19,12236.59,1,7272.67,109,344.6,1,0,287.5,9.23,5.85,2.29,228.07,1.43,5.22,9.34,0.07,2.26,2.47,20.09,4,64,8.32,2.42,38.41,0.01,43147,614,0,0,0,1,0,0
012_1184_FY19,12165.41,1,7491.04,109,256.23,1,0,1.3,56.42,6.64,2.33,436.54,2.27,5.98,12.03,0.11,2.3,2.6,41.62,6,153,10.8,2.54,79.61,0.01,43147,280,0,0,0,1,0,0
012_1290_FY19,11910.87,1,8117.46,109,354.2,1,0,1.3,42.67,8.51,2.43,875.36,2.73,5.16,14.97,0.14,2.26,2.75,23.93,5,114,10.98,2.55,48.65,0.03,43147,651,0,0,0,1,0,0
012_143_FY19,6832.9,0,8182.28,4417,93.95,0,1,2,3.32,17.71,2.89,10160.84,2.89,6.84,21.79,0.14,2.34,3.09,31.55,1,180,16.96,2.85,69.21,0.32,42872,728,1,0,0,0,0,0
012_145_FY19,14155.57,0,7069.55,4417,277.1,0,1,2.3,2.89,13.09,2.65,8294.5,3.98,5.12,22.46,0.2,2.26,3.12,20.55,1,127,14.03,2.7,42.21,0.26,42354,1242,0,0,0,1,0,0
012_148_FY19,13434.11,1,6252.06,4417,171.14,0,1,1.5,23.93,5.81,2.29,5483.31,2.14,5.03,16.44,0.11,2.25,2.82,10.9,1,94,8.15,2.41,23.87,0.17,42421,1238,0,0,0,1,0,0
012_243_FY19,14881.31,1,5785.16,4424,3.7,0,1,9.6,10.57,12.79,2.64,3455.11,2.23,5.04,15.85,0.11,2.25,2.79,21.95,1,164,12.45,2.62,45.29,0.11,43150,512,0,0,0,1,0,0
012_252_FY19,13503.73,0,6509.62,4417,93.71,0,1,0.7,30.63,8.8,2.44,892.07,1.65,5.67,14.96,0.08,2.28,2.75,8.78,4,57,9.2,2.46,20.63,0.03,42421,1222,0,0,0,1,0,0
012_255_FY19,12589.84,1,5734.71,4417,111.92,0,1,59.5,33.09,15.31,2.77,233.18,3.36,5.68,15.38,0.17,2.28,2.77,13.78,7,50,11.71,2.59,29.33,0.01,43111,568,0,0,0,1,0,0
012_353_FY19,13935.53,0,7276.81,4417,268.8,0,1,10,3.16,9.34,2.47,9553.4,3.01,5.03,17.5,0.15,2.25,2.88,22.22,1,144,13.01,2.65,45.32,0.3,42380,1255,0,0,0,1,0,0
012_562_FY19,13443.65,0,7435.66,4417,162.77,0,1,0.4,4.55,16.65,2.83,9788.76,3.16,5.1,18.89,0.16,2.26,2.94,29.9,1,234,13.69,2.68,60.04,0.31,42779,887,0,0,0,1,0,0
012_658_FY19,13802.42,1,5593.04,109,117.01,1,0,287.5,26.46,12.66,2.63,3803.74,5.14,5.09,23.81,0.26,2.25,3.19,38.49,7,181,16.49,2.82,83.82,0.12,43149,584,0,0,0,1,0,0
012_668_FY19,12728.25,0,7143.03,4417,163,0,1,2.6,10.46,6.82,2.34,8001.84,1.55,5.2,15.09,0.08,2.26,2.75,15.26,2,109,10.71,2.54,33.28,0.25,42430,1366,0,0,0,1,0,0
012_781_FY19,10582.82,1,5322.03,4417,139.7,1,0,3.2,48.27,11.14,2.56,967.92,1.89,5.09,14.03,0.09,2.25,2.7,11.63,2,52,9.63,2.48,28.05,0.03,43185,242,0,0,0,1,0,0
012_873_FY19,13066.56,1,7736.21,109,284.61,0,1,5.1,10.78,10.52,2.53,3645.75,2.42,5.85,18.05,0.12,2.29,2.9,23.17,1,111,12.86,2.64,48.92,0.12,43561,10,0,0,0,1,0,0
012_877_FY19,12065.68,0,7056.99,4417,59.97,0,1,2,10.07,6.3,2.32,6909.22,3.5,5.04,18.81,0.18,2.25,2.94,23.98,1,137,13.74,2.69,49.02,0.22,42460,1240,0,0,0,1,0,0
012_879_FY19,11802.31,0,6760.22,4417,102.88,0,1,4.7,31.72,9.39,2.47,445.96,2.02,5.17,10.88,0.1,2.26,2.54,15.48,1,72,8.86,2.44,32,0.01,42460,1160,0,0,0,1,0,0
012_976_FY19,12677.74,1,7565.27,109,307.99,0,1,0.6,19.05,11.72,2.59,2431.04,2.97,5.88,17.3,0.15,2.29,2.86,24.9,1,136,13.34,2.67,50.25,0.08,43561,18,0,0,0,1,0,0
012_991_FY19,9895.64,0,5414.82,4417,192.45,0,1,2,16.78,9.84,2.49,2892.32,2.95,6.14,18.83,0.15,2.31,2.94,22.27,1,109,12.92,2.65,48.44,0.09,43193,490,0,0,0,1,0,0
013_1195_FY19,10161.33,0,6518.68,4417,94.35,0,1,4.5,10.92,6.97,2.35,1196.9,2.06,5.28,14.47,0.1,2.26,2.72,12.71,1,58,9.38,2.47,27.14,0.04,42872,807,0,0,0,1,0,0
013_1295_FY19,10978.99,0,7508.69,4417,246.37,0,1,7.2,5.55,14.7,2.73,1461.93,2.1,5.9,16.62,0.1,2.3,2.83,19.95,1,99,13.95,2.7,40.99,0.05,43559,93,0,0,0,1,0,0
013_1503_FY19,10808.87,0,7815.97,4417,439.57,0,1,1.7,4.99,10.57,2.53,954.52,1.76,9.3,15.34,0.09,2.47,2.77,20.81,5,80,13.34,2.67,44.5,0.03,43559,76,0,0,0,1,0,0
013_1601_FY19,11004.4,1,7811.36,104,11.1,1,0,7,0.37,15.87,2.79,23284.08,4.95,5.29,27.1,0.25,2.26,3.36,34.66,1,244,19.92,3,76.46,0.74,42766,844,1,0,0,0,0,0
013_1603_FY19,11267.8,1,8400.19,104,413.52,1,0,2.9,10.57,13.71,2.69,154.12,1.44,10.35,13.71,0.07,2.52,2.69,12.52,16,50,12.75,2.64,34.87,0,41464,2156,0,0,0,1,0,0
013_1605_FY19,11158.86,1,8614.73,4417,73.86,0,1,4.2,14.65,9.07,2.45,460.36,1.5,7.73,13.35,0.07,2.39,2.67,16.33,8,56,10.93,2.55,38.78,0.01,41464,2255,0,0,0,0,1,0
013_1606_FY19,11002.28,0,8210.04,4417,236.27,0,1,4.2,6.6,10.36,2.52,4413.11,2.38,5.09,16.36,0.12,2.25,2.82,15.47,1,99,11.34,2.57,32.88,0.14,41464,2342,0,0,0,1,0,0
013_1609_FY19,10310.82,0,7692.48,4417,195.12,0,1,3.7,6.9,15.45,2.77,1770.42,2.93,5.63,16.3,0.15,2.28,2.82,26.51,1,166,12.66,2.63,53.09,0.06,42872,848,0,0,0,1,0,0
013_1614_FY19,8985.04,0,6927.26,4417,193.53,0,1,5.4,2.74,21.69,3.08,16375.49,5.5,5.01,25.41,0.27,2.25,3.27,26.38,1,203,18.47,2.92,58.81,0.52,,4015,0,0,0,0,1,0
013_1713_FY19,10206.9,0,8016.35,4417,45.83,0,1,3.7,10.78,7.37,2.37,1363.33,3.02,5.07,16.41,0.15,2.25,2.82,15.17,1,68,11.11,2.56,32.31,0.04,43559,103,0,0,0,1,0,0
013_2017_FY19,9886.25,1,7083.06,104,0,0,1,119.4,19.5,5.39,2.27,6155.08,3.23,5.01,17.46,0.16,2.25,2.87,21.5,1,199,10.91,2.55,43.32,0.2,41752,1815,0,1,0,0,0,0
013_2123_FY19,9867.964033,1,7427.879705,104,0,0,1,151.3,6.291350774,21.41000175,3.070500088,24521.68817,3.84859774,5.028196335,29.34000015,0.192429887,2.251409817,3.467000008,20.5880389,2,132,21.16418954,3.058209477,49.97380687,0.780549491,0,4015,0,1,0,0,0,0
013_2336_FY19,9558.86,1,8279.41,104,148.77,0,1,0.8,3.91,20.91,3.05,22160.18,3.63,5.96,25.04,0.18,2.3,3.25,33.65,1,265,20.01,3,77.13,0.71,42749,967,0,0,1,0,0,0
013_2340_FY19,8725.14,0,8992.56,4417,140.3,0,1,2.4,2.69,14.49,2.72,7820.06,2.87,5.17,22.79,0.14,2.26,3.14,19.62,1,139,18.27,2.91,46.61,0.25,43118,506,0,0,0,0,1,0
013_2433_FY19,8752.69,1,6419.07,104,0,0,1,497,6.21,6.3,2.32,4900.27,2.08,5,15.62,0.1,2.25,2.78,30.02,3,304,8.73,2.44,60.68,0.16,41752,1843,0,1,0,0,0,0
013_2434_FY19,8851.77,1,6618.55,104,0,0,1,497,20.97,5.72,2.29,2731.56,2.76,5.01,16.44,0.14,2.25,2.82,17.89,3,105,9.04,2.45,35.92,0.09,41752,1994,0,1,0,0,0,0
013_2440_FY19,9387.41,1,8254.52,104,122.34,0,1,0.9,11.26,8.53,2.43,27185.18,3.29,5.8,24.2,0.16,2.29,3.21,36.58,4,221,17.62,2.88,84.58,0.87,40626,2941,0,0,1,0,0,0
013_2538_FY19,8506.79,1,6398.74,104,0,0,1,497,7.01,10.5,2.53,2381.77,2.33,5.04,15.84,0.12,2.25,2.79,11.65,2,56,8.64,2.43,24.58,0.08,41752,1988,0,1,0,0,0,0
013_2539_FY19,8519.13,1,6634.04,104,0,0,1,7,2.2,11.35,2.57,15916.66,5.73,5.05,26.49,0.29,2.25,3.32,22.78,1,179,17.62,2.88,46.46,0.51,41752,1982,0,1,0,0,0,0
013_2540_FY19,8772.64,1,6954.95,104,0,0,1,497,10.91,5.97,2.3,15142.84,5.51,5.01,23.07,0.28,2.25,3.15,22.42,2,181,16.77,2.84,46.7,0.48,41752,1858,0,1,0,0,0,0
013_2643_FY19,8252.78,1,6514.97,104,0,0,1,497,12.81,7.89,2.39,8636.95,4.15,5.01,21.07,0.21,2.25,3.05,18.88,1,129,13.49,2.67,37.74,0.27,41752,1835,0,1,0,0,0,0
013_2644_FY19,8415.91,1,6933.28,104,0,0,1,2.4,4.37,11.17,2.56,9911.92,4.72,5.03,23.47,0.24,2.25,3.17,31.08,1,264,14.78,2.74,62.86,0.32,41752,1828,0,1,0,0,0,0
013_2649_FY19,8931.14,1,8220.58,104,103.87,0,1,1.8,1.09,18.99,2.95,29819.99,3.98,5.06,29.96,0.2,2.25,3.5,44.77,4,266,20.78,3.04,104.54,0.95,,4015,0,1,0,0,0,0
013_2851_FY19,7892.58,1,6442,104,0,0,1,497,24.59,10.47,2.52,8417.57,2.25,5,16.59,0.11,2.25,2.83,17.4,1,280,8.92,2.45,34.91,0.27,41752,2002,0,1,0,0,0,0
013_2853_FY19,7987.96,1,6970.78,104,0,0,1,497,0.84,8.14,2.41,10844.32,3.61,5.01,23.13,0.18,2.25,3.16,19.39,1,216,12.22,2.61,38.74,0.35,41752,1983,0,1,0,0,0,0
013_2956_FY19,7668.018935,1,6588.638814,104,0,0,1,1.6,4.112247713,12.55999947,2.627999973,19494.27813,3.308705206,5.000000954,20.53564835,0.16543526,2.250000048,3.026782417,18.05339347,1,148,12.46895699,2.62344785,36.41010048,0.620522077,0,4015,0,1,0,0,0,0
013_3060_FY19,7222.58,1,6311.19,104,0,0,1,488.4,9.41,5.45,2.27,10363.79,5.69,5.15,24.4,0.28,2.26,3.22,27.73,3,160,18.25,2.91,58.44,0.33,41751,1932,0,1,0,0,0,0
013_3062_FY19,7393.76,1,6937.79,104,0,0,1,124.9,11.85,5.75,2.29,19808.12,6.17,5.03,25.77,0.31,2.25,3.29,34.67,3,528,14.52,2.73,69.78,0.63,,4015,0,1,0,0,0,0
013_3066_FY19,7917.38,1,7954.43,104,38.41,1,0,1.9,3.31,9.93,2.5,14567.43,3.65,5.3,21.51,0.18,2.26,3.08,34.33,3,205,13.84,2.69,77.19,0.46,43588,95,0,0,1,0,0,0
013_3069_FY19,7994.68,0,8805.14,104,181.22,0,1,3.4,457.92,11.33,2.57,0,,,,,,,,,,,,,0,43145,661,0,0,0,1,0,0
013_3171_FY19,7674.66,1,8166.53,104,29.91,0,1,1.5,1.83,14.8,2.74,15315.19,5.32,5.04,24.39,0.27,2.25,3.22,33.13,1,214,15.73,2.79,69.2,0.49,43117,469,0,0,0,0,1,0
013_3277_FY19,7709.94,1,8640.02,104,289.37,0,1,2,1.05,7.26,2.36,14764.75,2.39,5.05,18.82,0.12,2.25,2.94,21.05,1,126,11.38,2.57,45.11,0.47,43145,670,0,0,0,1,0,0
013_3379_FY19,7159.55,1,8093.65,104,0.48,0,1,2.3,12.23,5.49,2.27,2928.03,5.82,5,23.81,0.29,2.25,3.19,27.37,2,135,13.18,2.66,55.55,0.09,43145,475,0,0,0,1,0,0
013_3381_FY19,7378.91,1,8424.95,104,205.8,0,1,2.3,53.78,5.44,2.27,123.1,2.47,5.25,11.49,0.12,2.26,2.57,11.06,11,39,7.38,2.37,25.47,0,43145,415,0,0,0,1,0,0
014_2843_FY19,7575.68,1,4283.89,104,45.88,0,1,9.2,3.81,18.55,2.93,18152.15,4.02,5.05,27.56,0.2,2.25,3.38,34.37,4,166,18.66,2.93,82.15,0.58,43554,81,0,0,1,0,0,0
014_2947_FY19,7292.29,1,4133.39,104,74.44,0,1,0.9,1.69,5.7,2.29,18212.28,5.21,5.05,22.99,0.26,2.25,3.15,42.23,1,233,15.4,2.77,91.15,0.58,43554,90,0,0,0,1,0,0
015_2836_FY19,7997.52,1,2886.96,104,33.73,1,0,130,1.9,16.08,2.8,26730.44,5.85,5.05,26.62,0.29,2.25,3.33,43.98,5,314,18.38,2.92,94.32,0.85,,4015,0,0,1,0,0,0
015_2837_FY19,7878.12,1,3149.37,104,85.06,0,1,24.4,3.96,8.52,2.43,27168.64,3.42,5.16,20.45,0.17,2.26,3.02,41.64,1,214,13.94,2.7,89.91,0.86,,4015,0,0,1,0,0,0
015_2838_FY19,7908.39,1,3322.05,104,0,0,1,24.4,18.57,5.86,2.29,13686.35,2.89,5,17.48,0.14,2.25,2.87,35.03,6,257,11.31,2.57,73.35,0.44,,4015,0,1,0,0,0,0
015_4189_FY19,4574.87,1,1816.36,104,61.13,0,1,1.9,0.77,16.44,2.82,25784.54,3.28,5.58,21.75,0.16,2.28,3.09,37.47,1,244,17.2,2.86,85.42,0.82,43389,38,0,0,1,0,0,0
015_4399_FY19,3846.28,1,2420.55,104,419.54,1,0,90.3,6.98,12.71,2.64,22416.16,5.15,5.09,24.06,0.26,2.25,3.2,43.14,1,213,17.23,2.86,90.67,0.71,,4015,0,0,0,1,0,0
015_5228_FY19,1952.95,1,3146.65,78,271.95,0,1,4.5,5.56,6.71,2.34,14805.79,3.75,5.02,19.66,0.19,2.25,2.98,36.37,1,288,13.19,2.66,77.8,0.47,,4015,1,0,0,0,0,0
015_5229_FY19,1842.87,1,3279.49,78,137.06,0,1,4.5,3.16,9.16,2.46,15200.78,3.32,5.08,19.83,0.17,2.25,2.99,33.97,2,180,12.78,2.64,71.82,0.48,,4015,0,0,0,1,0,0
015_5230_FY19,2037.71,1,3219.57,78,137.89,0,1,4.5,13.91,9.46,2.47,2694.38,3.18,5.04,18.83,0.16,2.25,2.94,21.86,2,119,11.42,2.57,46.03,0.09,43314,143,0,0,0,1,0,0
015_5332_FY19,1946.17,1,3119.84,78,195.06,1,0,219.9,6.14,8.36,2.42,26600.26,3.94,5.5,24.5,0.2,2.28,3.23,37.72,5,217,16.32,2.82,84.11,0.85,,4015,0,0,0,1,0,0
03A_5455_FY19,2226.32,1,7895.88,78,59.9,0,1,11.8,6.05,9.02,2.45,5290.01,2.03,5.1,17.74,0.1,2.25,2.89,11.12,1,79,8.68,2.43,24.31,0.17,42751,824,0,0,0,1,0,0
03A_5559_FY19,2144.75,1,8001.67,78,88.38,0,1,5,4.85,22.52,3.13,12475.1,3.15,7.77,26.01,0.16,2.39,3.3,24.96,2,178,20.5,3.03,59.16,0.4,42751,911,0,0,0,0,1,0
03A_5662_FY19,1877.77,1,7890.51,78,71.73,0,1,2.9,7.93,20.58,3.03,7168.43,5.1,5.52,24.23,0.26,2.28,3.21,26.75,1,140,19.23,2.96,58.35,0.23,42751,866,0,0,0,0,1,0
03A_5670_FY19,3354.51,1,9875.29,104,347.17,0,1,1,78.07,6.66,2.33,178.14,2.55,6.66,12.8,0.13,2.33,2.64,24.61,16,76,10.11,2.51,54.71,0.01,43474,153,1,0,0,0,0,0
05A_6724_FY19,0,1,8665.16,78,391.4,0,1,7.9,9.73,14.24,2.71,7889.33,3.35,5.02,18.64,0.17,2.25,2.93,21.81,1,117,13.5,2.67,45.48,0.25,42811,1018,0,0,0,0,0,1
05A_6932_FY19,79.12,1,9054.51,73,111.24,0,1,10.1,15.31,12.35,2.62,636.32,3.8,5.02,18.87,0.19,2.25,2.94,18.01,1,61,13.38,2.67,35.94,0.02,42137,1505,0,0,0,0,0,1
05A_7037_FY19,298.59,1,8980.06,73,41.72,0,1,10.1,23,5.54,2.28,4531.75,2.11,5,17.28,0.11,2.25,2.86,56.94,3,258,6.69,2.33,113.24,0.14,42137,1582,0,0,0,0,0,1
05A_7456_FY19,0,1,9419.18,73,323.72,0,1,3,2.65,13.76,2.69,9294.24,2.71,5.05,19.53,0.14,2.25,2.98,22.77,1,173,14.84,2.74,48.94,0.3,42069,1697,0,0,0,1,0,0
05A_7559_FY19,0,0,8913.63,73,245.1,1,0,2.7,11.62,12.96,2.65,13267.41,3.78,5.03,21.63,0.19,2.25,3.08,31.9,1,255,13.97,2.7,66.84,0.42,42069,1646,0,0,0,0,0,1
05A_7566_FY19,0,1,9288.99,559,412.31,0,1,9.6,8.91,13.31,2.67,7904.09,2.48,5.48,18.34,0.12,2.27,2.92,15.43,1,83,13.81,2.69,33.74,0.25,43115,537,0,0,0,0,1,0
05A_7568_FY19,0,1,9344.97,559,100.16,0,1,7.8,3.26,16.07,2.8,6751.69,3.03,5.11,18.65,0.15,2.26,2.93,20.36,1,109,13.75,2.69,42.76,0.21,43119,449,0,0,0,0,1,0
05A_7667_FY19,0,1,9025.97,559,377.68,0,1,9.7,1.84,8.78,2.44,6377.96,2.71,5.09,16.84,0.14,2.25,2.84,20.3,1,110,12.03,2.6,41.03,0.2,43115,651,0,0,0,1,0,0
05A_7668_FY19,0,1,8896.29,559,261.25,0,1,2.8,9.9,14.11,2.71,7923.78,3.27,5.02,20.83,0.16,2.25,3.04,31.03,1,227,15.86,2.79,63.69,0.25,43115,428,1,0,0,0,0,0
05A_7768_FY19,0,1,8757.32,559,1.46,0,1,17.5,15.81,13.84,2.69,6432.76,2.73,5.5,20.08,0.14,2.28,3,24.24,1,126,15.35,2.77,53.57,0.2,43082,772,0,0,0,1,0,0
05A_7770_FY19,0,1,8741.15,559,64.55,0,1,9.7,9.7,12.83,2.64,6704.97,3.48,5.29,18.93,0.17,2.26,2.95,24.87,1,161,14.92,2.75,50.99,0.21,43115,405,0,0,0,1,0,0
05A_7771_FY19,0,1,8801.74,559,215.96,0,1,9.7,3.24,11.33,2.57,6712.72,3.02,5.03,17.66,0.15,2.25,2.88,20.76,1,104,13.45,2.67,44.53,0.21,43115,600,0,0,0,1,0,0
05A_7874_FY19,0,1,8486.49,559,182.08,0,1,9.7,4.34,15.23,2.76,7355.86,2.28,5.36,17.98,0.11,2.27,2.9,16.57,1,91,13.22,2.66,34.48,0.23,43115,405,0,0,0,1,0,0
05A_7875_FY19,0,1,8456.64,559,0,0,1,7,0.16,8.16,2.41,8538.28,2.5,6.21,20.49,0.12,2.31,3.02,28.76,1,169,16.07,2.8,60.08,0.27,43115,432,0,1,0,0,0,0
05A_7876_FY19,0,1,8372.48,559,23.56,0,1,0.4,5.06,16.43,2.82,8374.58,2.6,5.2,17.97,0.13,2.26,2.9,22.98,1,138,13.69,2.68,47.78,0.27,43115,478,0,0,0,1,0,0
05A_7879_FY19,0,1,8482.09,559,42.68,0,1,4.1,5.16,9.33,2.47,6299.37,2.55,5.01,16.88,0.13,2.25,2.84,15.2,1,93,11.71,2.59,31.94,0.2,43119,491,0,0,0,1,0,0
10A_1022_FY19,3877.46,1,5767.2,4417,114.67,0,1,218.4,5.87,13.53,2.68,29455.42,2.46,5.99,19.25,0.12,2.3,2.96,35.4,4,276,15.02,2.75,81.39,0.94,,4015,0,0,1,0,0,0
10A_1234_FY19,3238.77,1,6919.86,4417,21.79,0,1,3,2.74,15.13,2.76,15007.81,4.07,5.13,20.41,0.2,2.26,3.02,36.16,2,199,14.42,2.72,81.74,0.48,,4015,0,0,1,0,0,0
10A_1656_FY19,2827.13,1,8881.07,4417,230.11,0,1,3.8,49.88,5,2.25,11592.34,0.69,5,8.58,0.03,2.25,2.43,247.78,7,1696,5.39,2.27,604.77,0.37,,4015,0,0,0,0,0,1
10A_1760_FY19,2711.86,1,9120.04,4417,83.17,0,1,2.1,51.48,5.03,2.25,617.56,0.45,5.01,6.2,0.02,2.25,2.31,71.87,9,204,5.62,2.28,137.09,0.02,42059,1689,0,0,0,0,0,1
10A_181_FY19,6785.93,1,2376.81,4417,17.05,0,1,39.6,4.94,10.87,2.54,20746.79,2.27,5.01,16.84,0.11,2.25,2.84,34.82,8,278,11.53,2.58,76.98,0.66,,4015,0,0,1,0,0,0
10A_913_FY19,4597.21,1,4582.51,4417,68.43,0,1,11.1,8.43,10,2.5,19651.25,3.42,5.19,19.88,0.17,2.26,2.99,37.36,1,258,14.09,2.7,79.94,0.63,,4015,0,0,1,0,0,0
10B_2584_FY19,0,1,9659.45,4417,140.73,1,0,3.2,2.02,13.29,2.66,6862.15,3.08,5.06,17.56,0.15,2.25,2.88,26.36,1,133,12.61,2.63,53.02,0.22,43527,173,0,0,0,1,0,0
10B_3306_FY19,0,0,10841.44,4417,222.42,0,1,32.4,10.39,8.18,2.41,2767.43,2.91,5.42,16.76,0.15,2.27,2.84,24.89,1,106,12.34,2.62,50.78,0.09,43304,202,0,0,0,1,0,0
11A_1097_FY19,9125.7,0,5471.81,4417,62.02,1,0,330.2,4.81,24.36,3.22,9464.27,5.13,5.56,27.77,0.26,2.28,3.39,23.28,1,143,19.75,2.99,50.17,0.3,43089,601,0,0,0,1,0,0
11A_1412_FY19,7926.86,0,5712.64,4417,77.59,1,0,16.1,2.91,13.52,2.68,12103,2.76,5.33,20.03,0.14,2.27,3,25.42,1,151,14.84,2.74,54.35,0.39,43084,580,0,0,0,1,0,0
11A_161_FY19,10508.22,1,3361.09,4417,89.61,0,1,8.6,34.54,5.96,2.3,766.42,1.49,5.32,11.01,0.07,2.27,2.55,19.67,5,77,8.66,2.43,41.01,0.02,43089,650,0,0,0,1,0,0
11A_163_FY19,9931.69,1,3035.17,4417,74.35,1,0,3.9,10.05,16.54,2.83,9633.56,3.36,5.22,24.69,0.17,2.26,3.23,24.75,1,145,18.7,2.93,54.37,0.31,43089,563,0,0,0,0,1,0
11A_165_FY19,9447.86,1,2654.29,4417,164.84,0,1,5.1,11.78,9.62,2.48,2948.86,3.31,5.1,19.44,0.17,2.26,2.97,23.39,3,116,13.7,2.68,51.39,0.09,43089,563,0,0,0,1,0,0
11A_271_FY19,8935.06,1,2539.06,4417,290.28,0,1,6,23.77,13.17,2.66,131.1,3.4,6.25,15.02,0.17,2.31,2.75,11.89,2,37,8.04,2.4,23.93,0,41450,2286,0,0,0,0,0,1
11A_369_FY19,10191.03,1,3829.46,4417,87.39,1,0,3.7,2.43,19.28,2.96,7367.97,3.97,5.09,20.28,0.2,2.25,3.01,15.81,1,89,16.18,2.81,35.11,0.23,43089,538,0,0,0,0,1,0
11A_376_FY19,8684.18,1,2765.62,4417,118.81,0,1,6,4.97,6.66,2.33,1430.49,5.35,5,21.37,0.27,2.25,3.07,41.19,1,163,8.87,2.44,81.95,0.05,41450,2234,0,0,0,0,0,1
11A_475_FY19,9424.91,1,3589.05,4417,79.06,0,1,0.6,3.2,13.8,2.69,6839.37,3.19,5.55,22.34,0.16,2.28,3.12,28.7,1,160,15.43,2.77,60.04,0.22,43089,417,0,0,0,0,1,0
11A_479_FY19,8659.37,1,2975.2,4417,294.83,0,1,6,5.15,10.71,2.54,1239.73,3.94,5.06,16.61,0.2,2.25,2.83,23.35,1,106,11.76,2.59,47.2,0.04,41450,2318,0,0,0,0,0,1
11A_579_FY19,9379.18,1,3844.81,4417,0,1,0,22.1,2.97,10.07,2.5,20422.31,4.27,5.07,21.71,0.21,2.25,3.09,22.61,1,148,14.61,2.73,50.52,0.65,43089,497,0,1,0,0,0,0
11A_580_FY19,8727.97,1,3593.29,4417,174.04,0,1,0.4,6.72,14.36,2.72,14894.47,2.49,7.72,22.61,0.12,2.39,3.13,28.99,1,171,17.04,2.85,62.9,0.47,43089,631,1,0,0,0,0,0
11A_682_FY19,9431.99,1,4208.23,4417,95.86,1,0,22.1,4.65,11.64,2.58,8958.37,2.59,5.46,18.13,0.13,2.27,2.91,21.17,1,113,13.47,2.67,43.13,0.29,43089,567,1,0,0,0,0,0
11A_786_FY19,9379.04,1,4484.07,4417,107.17,1,0,330.2,9.28,6.42,2.32,4119.23,2.27,6.42,18.7,0.11,2.32,2.94,20.41,1,111,13.27,2.66,42.38,0.13,43089,538,0,0,0,1,0,0
11A_891_FY19,8930.07,1,4586.72,4417,0,1,0,330.2,4.81,15.72,2.79,18073.76,4.55,5.11,27.33,0.23,2.26,3.37,21.74,1,130,20.34,3.02,50.63,0.58,43089,505,0,1,0,0,0,0
11A_893_FY19,8407.42,1,4397.33,4417,176.66,0,1,2,2.32,9.53,2.48,11893.56,3.99,6.2,24.68,0.2,2.31,3.23,28.46,1,179,16.84,2.84,61.85,0.38,43084,629,1,0,0,0,0,0
11A_993_FY19,9309.84,1,5221.76,4417,93.92,1,0,330.2,11.59,17.62,2.88,6853.29,4.38,5.81,27.08,0.22,2.29,3.35,23.11,1,119,20.26,3.01,52.86,0.22,43089,343,0,0,0,1,0,0
ALP_4429_FY19,3949.94,1,10831.34,104,402.29,0,1,1,71.65,6.28,2.31,17.01,0,6.28,6.28,0,2.31,2.31,0,17,17,6.28,2.31,17,0,43257,335,0,0,0,1,0,0
ALP_4533_FY19,3837.31,1,10888.93,104,344.81,0,1,6.5,72.97,8.25,2.41,182.14,1.29,5.03,8.25,0.06,2.25,2.41,17.64,18,65,6.61,2.33,43.24,0.01,43257,459,0,0,0,1,0,0
NCR_6186_FY19,212.8,1,7371.74,78,181.3,1,0,2.3,21.69,5.11,2.26,301.17,1.1,5.03,8.69,0.05,2.25,2.43,14.86,9,66,6.07,2.3,31.04,0.01,42759,997,0,0,0,1,0,0
NCR_6728_FY19,0,1,9364.06,78,60.18,0,1,26.5,9.24,11.06,2.55,2328.53,3.52,6.51,20.8,0.18,2.33,3.04,24.23,1,129,16.19,2.81,48.23,0.07,43520,178,0,0,0,1,0,0
NCR_6833_FY19,0,1,9663.54,78,304.34,0,1,12.5,13.07,15.45,2.77,3507.21,2.35,6.98,18.74,0.12,2.35,2.94,22.39,2,144,14.19,2.71,48.05,0.11,43520,67,0,0,0,1,0,0
NCR_6937_FY19,0,1,9885.87,78,56.18,0,1,12.5,35.05,12.61,2.63,2099.73,1.67,9.29,17.16,0.08,2.46,2.86,23.67,4,101,13.59,2.68,53.24,0.07,43520,100,1,0,0,0,0,0
NCR_6938_FY19,0,1,10079.12,78,171.39,0,1,12.5,16.69,11.82,2.59,2875.31,2.53,5.49,18.14,0.13,2.27,2.91,29.3,1,177,13.33,2.67,61.64,0.09,43520,4,0,0,0,1,0,0
NCR_8231_FY19,0,1,8765.7,78,244.96,0,1,26.5,10.41,9.09,2.45,2430.96,2.26,5.78,15.72,0.11,2.29,2.79,21.17,5,106,12.07,2.6,45.44,0.08,43520,167,0,0,0,1,0,0
NTR_6309_FY19,1394.59,1,12098.57,78,207.44,0,1,2.3,19.38,13.84,2.69,1757.12,2.82,5,15.04,0.14,2.25,2.75,25.21,2,108,11.85,2.59,50.94,0.06,43519,147,1,0,0,0,0,0
NTR_6426_FY19,1530.81,1,12940.86,78,133.3,0,1,9.9,2.54,18,2.9,10691.03,1.85,7.09,21.36,0.09,2.35,3.07,18.02,1,115,17.46,2.87,41.46,0.34,43519,268,0,0,0,0,1,0
NTR_6529_FY19,1065.55,1,12764.34,78,292.71,0,1,2.3,18.93,8.17,2.41,1828.57,3.26,5.61,18.42,0.16,2.28,2.92,22.92,2,89,13.95,2.7,52.37,0.06,43519,13,1,0,0,0,0,0
NTR_6530_FY19,1183.28,1,13162.41,78,95.74,1,0,31.9,16.84,6.73,2.34,5422.89,4.22,5.17,23.43,0.21,2.26,3.17,28.32,1,137,16.19,2.81,58.17,0.17,43519,299,1,0,0,0,0,0
NTR_6532_FY19,1677.66,1,13688.93,78,103.98,0,1,15.5,14.15,8.31,2.42,1794.81,3.42,5.91,17.58,0.17,2.3,2.88,19.86,2,77,14.63,2.73,42.59,0.06,43519,95,0,0,0,1,0,0
NTR_6626_FY19,371.86,1,11450.97,78,175.95,0,1,7.3,43.68,6.39,2.32,160.94,2.38,5.31,12.01,0.12,2.27,2.6,17.76,6,64,9.61,2.48,33.91,0.01,42804,720,0,0,0,1,0,0
NTR_6636_FY19,1615.55,1,13321.09,559,424.31,1,0,31.9,5.03,17.49,2.87,6552.69,1.88,7.54,20.12,0.09,2.38,3.01,14.32,2,90,16.74,2.84,34.78,0.21,43519,306,0,0,0,0,1,0
NTR_6743_FY19,0,1,12102.08,559,442.44,0,1,0.4,29.77,6.97,2.35,2104.57,3.8,5.2,17.54,0.19,2.26,2.88,29.94,2,176,12.89,2.64,59.54,0.07,43519,74,1,0,0,0,0,0
NTR_6744_FY19,0,1,12141.5,559,168.85,0,1,0.4,3.01,17.23,2.86,11135.03,4.15,5,21.5,0.21,2.25,3.08,33.67,1,195,16.75,2.84,72.89,0.35,43519,147,1,0,0,0,0,0
NTR_6748_FY19,726.04,1,12439.15,559,104.64,1,0,31.9,1.18,20.86,3.04,7722.38,4.98,5.03,21.35,0.25,2.25,3.07,21.71,1,134,15.97,2.8,44.6,0.25,43519,168,0,0,0,0,1,0
NTR_6843_FY19,0,1,11535.43,559,682.9,0,1,4.5,13.89,7.79,2.39,5058.68,3.11,7.45,21.1,0.16,2.37,3.05,23.65,1,173,15.84,2.79,54.9,0.16,43519,5,0,0,0,1,0,0
NTR_6844_FY19,0,1,11631.15,559,792.16,0,1,4.5,23.09,8.16,2.41,3990.8,3.53,5.8,21.49,0.18,2.29,3.07,28.58,1,157,15.17,2.76,61.01,0.13,43519,81,0,0,0,1,0,0
NTR_6941_FY19,543.09,1,10637.9,78,235.2,0,1,12.5,66,12.22,2.61,243.19,1.43,7.5,12.22,0.07,2.38,2.61,22.13,10,66,10.34,2.52,46.81,0.01,43520,195,1,0,0,0,0,0
NTR_6947_FY19,0,1,11303.77,559,489.42,0,1,4.5,17.75,11.78,2.59,765.04,2.05,7.14,15.87,0.1,2.36,2.79,16.33,1,73,12.17,2.61,36.74,0.02,43519,67,0,0,0,1,0,0
NTR_7151_FY19,194.5,1,10580.73,559,57.05,0,1,8.2,64.52,11.61,2.58,256.01,1.32,7.48,11.66,0.07,2.37,2.58,23.11,1,70,10.74,2.54,45.17,0.01,43520,62,1,0,0,0,0,0
NTR_7152_FY19,24.99,1,10550.38,559,256.63,0,1,8.2,4.08,6.06,2.3,5473.26,2.76,6.06,20.87,0.14,2.3,3.04,24.4,2,122,15.73,2.79,56.83,0.17,43520,110,1,0,0,0,0,0
NTR_7155_FY19,0,1,10795.45,559,30.38,0,1,4.5,7.17,16.87,2.84,4521.73,3.24,5.28,18.38,0.16,2.26,2.92,21.33,1,95,14.87,2.74,44.6,0.14,43519,104,1,0,0,0,0,0
NTR_7251_FY19,0,1,10130.97,559,358.19,0,1,4.8,10.77,11.13,2.56,5002.57,3.13,5.02,17.35,0.16,2.25,2.87,24.84,1,121,12.02,2.6,49.61,0.16,43520,195,1,0,0,0,0,0
NTR_7257_FY19,0,1,10144.04,559,516.69,0,1,24.3,23.01,11.23,2.56,2875.7,2.52,5.41,19.49,0.13,2.27,2.97,20.7,1,117,13.9,2.7,44.2,0.09,43520,132,1,0,0,0,0,0
NTR_7260_FY19,0,1,10550.1,559,202.77,0,1,4.5,8.16,9.71,2.49,4803.48,3.03,5.03,17.42,0.15,2.25,2.87,22.76,1,114,13.06,2.65,46.98,0.15,43519,5,0,0,0,0,0,1
NTR_7354_FY19,0,1,9927.54,559,164.05,0,1,2.8,8.72,13.18,2.66,10148.31,2.61,5.06,19.55,0.13,2.25,2.98,24.52,1,128,14.21,2.71,51.56,0.32,42805,645,0,0,0,1,0,0
NTR_7360_FY19,0,1,9959.14,559,565.74,0,1,24.3,5.54,9.69,2.48,8498.11,2.98,5.12,20.93,0.15,2.26,3.05,25.91,1,140,15.31,2.77,56.79,0.27,43520,150,1,0,0,0,0,0
NTR_7470_FY19,0,1,10116.49,559,159.47,0,1,2.4,4.05,19.91,3,9730.42,2.54,5.09,25.44,0.13,2.25,3.27,20.51,1,113,22.04,3.1,47.01,0.31,43114,478,0,0,0,0,1,0
NTR_8114_FY19,1287.28,1,11957.57,78,354.54,0,1,2.3,2.21,5.01,2.25,3363.56,3.11,5.01,17.59,0.16,2.25,2.88,23.73,1,105,12.61,2.63,50.15,0.11,43519,77,1,0,0,0,0,0
NTR_8119_FY19,1783.65,1,13276.93,78,46.54,0,1,15.5,2.79,18.3,2.91,6595.41,3.72,5.46,21.09,0.19,2.27,3.05,22.9,1,120,15.52,2.78,50.74,0.21,43519,297,0,0,0,0,1,0
NTR_8242_FY19,428.37,1,10990.05,78,369.47,0,1,1.7,88.5,5.05,2.25,0,,,,,,,,,,,,,0,43501,23,0,0,0,1,0,0
OSR_2026_FY19,9584.25,0,8505.99,4417,115.02,0,1,1,2.83,17,2.85,5549.86,3.48,5.19,19.12,0.17,2.26,2.96,29.39,1,149,12.97,2.65,61.75,0.18,43504,237,0,0,1,0,0,0
SCR_2371_FY19,1004.1,1,8410.29,4417,237.75,0,1,16.3,682.63,5.23,2.26,0,,,,,,,,,,,,,0,43115,589,0,0,0,1,0,0
SCR_2477_FY19,273.5,1,9026.99,4417,251.98,0,1,8.4,50.74,5.23,2.26,443.35,0.15,5.04,5.43,0.01,2.25,2.27,91.5,13,250,5.27,2.26,168.32,0.01,43115,470,0,0,0,1,0,0
SCR_2478_FY19,93.9,1,9126.86,4417,346.35,0,1,38.4,18.33,7.14,2.36,653.52,2.44,5.02,13.7,0.12,2.25,2.69,11.2,8,45,9.1,2.45,29.92,0.02,43302,398,0,0,0,1,0,0
SCR_2682_FY19,886.7,1,9390.96,4417,15.5,0,1,13.4,67.65,5.49,2.27,0,,,,,,,,,,,,,0,43133,529,0,0,0,1,0,0
SCR_2786_FY19,856.32,1,9554.28,4417,136.12,0,1,13.4,35.17,8.23,2.41,933.81,2.04,7.09,14.39,0.1,2.35,2.72,20.56,7,77,12.32,2.62,53.52,0.03,43133,581,0,0,0,1,0,0
SCR_2787_FY19,666.15,1,9583.29,4417,141.73,0,1,13.4,7.4,13.75,2.69,1046.83,2.69,5.28,13.91,0.13,2.26,2.7,31.86,6,149,11.4,2.57,62.86,0.03,43133,599,0,0,0,1,0,0
SCR_2888_FY19,888.67,0,9720.4,4417,80.77,0,1,192.7,2.8,7.83,2.39,308.24,1.94,7.83,13.2,0.1,2.39,2.66,20.72,5,71,11.75,2.59,45.37,0.01,43133,405,0,0,0,1,0,0
STR_1317_FY19,5837.81,1,5088.7,4417,146.07,1,0,75.6,11.56,6.64,2.33,4229.57,3.7,6.64,22.87,0.18,2.33,3.14,36.36,3,203,15.34,2.77,80.25,0.13,43476,285,1,0,0,0,0,0
STR_1419_FY19,6184.17,1,5331.04,4417,222.03,1,0,75.6,7.91,17.57,2.88,8172.55,3.97,5.03,23.33,0.2,2.25,3.17,30.51,1,172,15.71,2.79,66.61,0.26,43484,195,0,0,0,0,0,1
STR_1420_FY19,5863.37,1,5538.59,4417,104.96,1,0,75.6,7.96,17.58,2.88,6163.04,3.58,5.01,20.32,0.18,2.25,3.02,32.49,1,162,16.09,2.8,73.33,0.2,43484,207,0,0,0,0,0,1
STR_1630_FY19,5152.29,1,5896.65,4417,81.45,1,0,2.2,84.88,7.93,2.4,206.91,1.97,7.24,12.21,0.1,2.36,2.61,17.66,6,57,10.49,2.52,36.97,0.01,43476,64,1,0,0,0,0,0
STR_173_FY19,8358.02,1,1706.12,4417,40.75,0,1,1.1,6.08,10.75,2.54,4514.25,7.45,5.09,28.01,0.37,2.25,3.4,40.16,7,223,16.3,2.81,81.9,0.14,42744,845,1,0,0,0,0,0
STR_1838_FY19,5079.27,1,6444.94,4417,361.13,0,1,2.3,614.93,7.24,2.36,0,,,,,,,,,,,,,0,42152,1388,1,0,0,0,0,0
STR_2151_FY19,4149.72,0,7427.41,4417,310.46,0,1,1.3,1627.87,7.24,2.36,0,,,,,,,,,,,,,0,43481,73,1,0,0,0,0,0
STR_2563_FY19,4650.06,0,8514.8,4417,450.53,0,1,11.7,34.85,14.26,2.71,7463.56,3.52,5.1,21.58,0.18,2.25,3.08,26.63,1,148,15.33,2.77,59.04,0.24,42872,733,1,0,0,0,0,0
