Site,1,2,3,4,5,6,7,8,9,10,11,12,13,14,15,16,17,18,19,20,21,22,23,24,25
001_5850_FY19,23.34827586,16.24309392,14.42001385,13.85,15.32127955,16.52545328,17.86541144,20.21958042,,,,,,,,,,,,,,,,,
001_5851_FY19,25.9292328,26.05779392,25.93774704,25.73784494,,,,,,,,,,,,,,,,,,,,,
001_5956_FY19,27.49865952,25.5083668,27.12783712,26.58788282,,,,,,,,,,,,,,,,,,,,,
001_6052_FY19,25.16104079,24.26369382,25.16386555,23.79475524,25.0181311,,,,,,,,,,,,,,,,,,,,
001_6166_FY19,25.36906528,27.00222222,25.9262963,26.1957164,,,,,,,,,,,,,,,,,,,,,
001_6271_FY19,19.25,18.76485149,20.01488834,18.60341615,19.45361146,19.10861423,22.941875,,,,,,,,,,,,,,,,,,
001_6375_FY19,20.102194,8.214244521,6.617358708,11.21054147,19.99252014,22.94022989,22.16925287,25.55453502,17.97677752,6.58906071,,,,,,,,,,,,,,,
001_6484_FY19,24.45333333,25.63888889,24.38276627,24.3183161,,,,,,,,,,,,,,,,,,,,,
001_6488_FY19,24.81678832,24.23542274,23.92030568,26.79215116,25.36630435,,,,,,,,,,,,,,,,,,,,
001_6593_FY19,21.58776224,19.43242297,19.89817416,20.36971831,,,,,,,,,,,,,,,,,,,,,
001_6701_FY19,13.71795728,19.20180723,19.57037534,17.92775538,21.19448183,21.7071525,21.59324324,,,,,,,,,,,,,,,,,,
001_6810_FY19,22.32205683,19.89823609,21.72486413,24.45674387,24.88096862,23.98461012,15.025,16.77232143,18.68982118,,,,,,,,,,,,,,,,
001_6910_FY19,32.12960123,23.0989011,21.33435208,22.8057598,24.16380368,23.71248462,23.3474106,,,,,,,,,,,,,,,,,,
001_6913_FY19,24.7663827,23.94633508,24.4944517,23.20730117,,,,,,,,,,,,,,,,,,,,,
001_6918_FY19,18.67406542,10.4122807,14.37734192,16.33949531,12.93155112,16.93551237,17.75530035,19.19833729,15.82640449,,,,,,,,,,,,,,,,
001_7000_FY19,19.97369942,7.185409458,5.927131336,10.34821429,18.90966628,22.09683908,21.44001148,25.10045924,17.55303899,4.916857798,11.08848797,,,,,,,,,,,,,,
001_7010_FY19,21.93338323,22.03106287,24.05875749,25.17189836,25.4906577,,,,,,,,,,,,,,,,,,,,
001_7014_FY19,25.23820446,24.4921466,25.04765013,23.7845502,,,,,,,,,,,,,,,,,,,,,
001_7016_FY19,19.08988439,5.46828143,3.656970046,8.46514977,17.2566168,20.61005747,19.59816303,24.0249713,16.45212156,2.22021764,10.12514318,25.58781127,24.68160995,25.09497389,23.79172099,,,,,,,,,,
001_7106_FY19,19.08988439,5.46828143,3.656970046,8.46514977,17.2566168,20.61005747,19.59816303,24.0249713,16.45212156,2.22021764,10.12514318,,,,,,,,,,,,,,
001_7112_FY19,22.59746377,20.90225291,18.88989826,18.36552478,19.89358601,,,,,,,,,,,,,,,,,,,,
001_7123_FY19,22.41491754,23.42766117,25.62987988,22.81184408,23.85644678,23.81821589,23.33558559,,,,,,,,,,,,,,,,,,
001_7124_FY19,24.84285714,23.62965616,22.22166428,23.70510057,23.48342939,23.07287157,22.97001445,21.22865412,,,,,,,,,,,,,,,,,
001_7214_FY19,21.63862275,23.35991637,22.34427208,23.04082241,23.55558859,,,,,,,,,,,,,,,,,,,,
001_7222_FY19,26.62131367,24.59525401,26.08711615,25.99833333,,,,,,,,,,,,,,,,,,,,,
001_7227_FY19,25.38759214,24.82055215,25.0128519,24.98565324,,,,,,,,,,,,,,,,,,,,,
001_7331_FY19,24.0925,23.24212034,21.91642755,23.1329023,23.06880403,22.57864358,22.11741329,21.13856729,,,,,,,,,,,,,,,,,
001_7332_FY19,20.50840336,19.83005618,20.39788732,22.22038082,22.53076379,,,,,,,,,,,,,,,,,,,,
001_7333_FY19,17.19153226,17.27905639,23.00143678,7.266954023,6.192594719,6.131020642,7.151949541,10.82588774,16.14747995,16.11842105,17.92191076,21.57057143,21.36244292,20.54828571,,,,,,,,,,,
001_7523_FY19,15.55720093,16.41241299,16.63789108,19.01099537,16.34751157,,,,,,,,,,,,,,,,,,,,
001_7534_FY19,25.13609661,24.22457627,22.86979167,23.42467532,22.1761658,,,,,,,,,,,,,,,,,,,,
001_7537_FY19,20.57767978,21.76766304,24.12840599,24.41371078,23.70486656,,,,,,,,,,,,,,,,,,,,
001_7645_FY19,20.7316825,22.5390625,24.49250681,25.22783083,23.39911081,15.37089041,17.71085165,22.05852417,,,,,,,,,,,,,,,,,
001_7743_FY19,26.30635838,22.99349711,24.79682997,24.97341954,27.17708333,26.50393983,,,,,,,,,,,,,,,,,,,
001_7744_FY19,18.11247153,16.80786773,9.471526196,4.972348917,7.157639681,9.637400228,14.21579247,17.79304447,21.9303653,22.83989726,21.28310502,19.84628571,19.27,17.784,19.89731121,21.20022883,18.79810997,15.48178138,,,,,,,
001_7748_FY19,22.2923913,20.72169811,18.65538574,18.45262391,19.59890511,,,,,,,,,,,,,,,,,,,,
001_7950_FY19,18.3691358,17.88397277,18.72890819,17.56925466,22.67792793,,,,,,,,,,,,,,,,,,,,
001_8048_FY19,23.68437946,25.10953058,25.80326705,26.56338527,26.59512023,25.92559944,25.58815233,,,,,,,,,,,,,,,,,,
001_8181_FY19,21.9383164,19.94941776,19.58126822,20.93394161,,,,,,,,,,,,,,,,,,,,,
001_8206_FY19,14.39577836,15.58167989,17.97244356,16.3181516,16.48666667,,,,,,,,,,,,,,,,,,,,
001_8210_FY19,27.71433934,26.94715142,27.34332834,27.35735736,27.36974474,,,,,,,,,,,,,,,,,,,,
002_6180_FY19,22.97773159,22.03021327,22.11005917,17.69976359,17.61304604,18.47938751,20.07617647,,,,,,,,,,,,,,,,,,
002_6280_FY19,23.40477889,23.50997151,24.69452347,26.14417614,26.25637394,26.32461103,25.57686883,25.13787024,,,,,,,,,,,,,,,,,
002_6281_FY19,22.04007092,21.97869318,21.76495726,21.88801712,,,,,,,,,,,,,,,,,,,,,
002_6379_FY19,23.13115942,21.60595065,19.50618632,19.12026239,20.65474453,,,,,,,,,,,,,,,,,,,,
002_6387_FY19,11.19653179,14.43966513,14.1127451,15.96831797,16.80581128,22.7566168,,,,,,,,,,,,,,,,,,,
002_6389_FY19,22.65692641,24.31268012,23.86115108,26.38809182,25.54949785,24.65021459,,,,,,,,,,,,,,,,,,,
002_6396_FY19,27.25638138,26.85848348,27.26011994,26.92316342,26.9512012,21.84579146,24.1408805,12.39735516,11.13794192,14.15423515,16.0256654,16.05139594,,,,,,,,,,,,,
002_6399_FY19,25.52390438,25.18136605,25.58895503,25.71532365,25.84795515,24.71189225,,,,,,,,,,,,,,,,,,,
002_6493_FY19,20.94066148,20.94903226,22.34362934,22.85604113,,,,,,,,,,,,,,,,,,,,,
002_6496_FY19,27.54671151,27.93049327,25.10127055,27.94402985,,,,,,,,,,,,,,,,,,,,,
002_6503_FY19,14.95698577,16.51356589,16.54915912,13.64935065,12.24967448,16.14634941,17.50457516,,,,,,,,,,,,,,,,,,
002_6596_FY19,20.01566416,9.111668758,6.447798742,11.53620907,15.9520202,19.85601266,22.43155894,21.06925032,,,,,,,,,,,,,,,,,
002_6597_FY19,16.84802713,20.67561728,16.25804455,7.388475836,7.153846154,6.763075965,12.27992519,15.87125,,,,,,,,,,,,,,,,,
002_6608_FY19,23.03486293,9.429594272,14.86214115,15.82374101,20.55342137,22.54326923,22.61987952,22.94119421,19.0093599,17.81023002,21.10376214,21.03953771,22.41717418,23.20060976,21.32518337,10.47643819,14.2708589,14.47386224,17.57573892,,,,,,
002_6711_FY19,25.04008439,23.90730337,25.01785714,23.83321678,24.71722455,,,,,,,,,,,,,,,,,,,,
002_6920_FY19,25.33308605,27.07222222,26.50074074,26.59527326,,,,,,,,,,,,,,,,,,,,,
002_6921_FY19,21.48944064,11.81449772,16.28281963,22.36887115,21.56413911,,,,,,,,,,,,,,,,,,,,
002_6923_FY19,23.17428786,25.03148426,26.97301349,23.68178411,24.45727136,24.46364318,24.09384384,,,,,,,,,,,,,,,,,,
002_6924_FY19,25.14381153,23.81958042,24.78730823,25.30501393,25.16284722,25.0350208,,,,,,,,,,,,,,,,,,,
002_6931_FY19,26.20546407,26.11136024,23.94394619,26.52164179,,,,,,,,,,,,,,,,,,,,,
002_7026_FY19,23.74437781,24.0254491,25.42627246,27.26606876,27.66106129,,,,,,,,,,,,,,,,,,,,
002_7230_FY19,25.3304878,24.04227494,25.64034022,24.03424242,24.26360339,24.81711004,25.79945718,,,,,,,,,,,,,,,,,,
002_7241_FY19,24.09356725,23.61151603,23.67430859,25.79287791,24.56956522,24.97210145,25.43171965,24.02380952,24.77233429,24.87158273,26.19655667,25.29519369,24.23032904,24.01,23.63924501,24.78093883,25.47088068,26.12889518,26.29950495,26.21544429,25.89139633,24.73523207,24.37254213,24.79971989,24.41086957
002_7347_FY19,19.71737875,8.192263279,5.562283737,10.42453917,20.03279632,22.68362069,22.26954023,25.27267509,17.24541284,5.656823394,,,,,,,,,,,,,,,
002_7449_FY19,22.72376312,24.79535232,22.02965465,23.17503748,22.70764618,22.30818318,25.54241742,,,,,,,,,,,,,,,,,,
002_7547_FY19,16.67160279,17.55307425,18.45104287,20.76332561,17.99884393,,,,,,,,,,,,,,,,,,,,
002_7552_FY19,27.71433934,27.56418919,27.89017991,27.48425787,27.61599099,,,,,,,,,,,,,,,,,,,,
002_7553_FY19,23.50674883,18.26288056,14.08421053,14.02540888,14.51808635,11.55594406,11.73633721,15.83478513,,,,,,,,,,,,,,,,,
002_7754_FY19,17.10743322,18.0849768,18.69843569,20.8400927,18.60722543,,,,,,,,,,,,,,,,,,,,
002_7855_FY19,24.18876081,24.61906475,26.62320402,25.95093123,24.91416309,,,,,,,,,,,,,,,,,,,,
002_7862_FY19,12.07101947,16.27660183,21.25028604,18.35697941,7.451428571,4.98630137,14.97028571,19.69520548,23.27023945,16.83761416,16.05472103,,,,,,,,,,,,,,
002_7866_FY19,19.56197479,18.90589888,19.45007032,20.89492243,21.45650636,,,,,,,,,,,,,,,,,,,,
002_7868_FY19,23.24244604,23.30880231,22.96237337,20.78835022,22.90783745,,,,,,,,,,,,,,,,,,,,
002_8053_FY19,24.48333333,23.04986962,22.87825521,23.14688716,21.4015544,,,,,,,,,,,,,,,,,,,,
002_8184_FY19,9.24877451,13.36779141,13.93511685,16.72533909,21.01450617,,,,,,,,,,,,,,,,,,,,
002_8215_FY19,21.41008463,21.96923621,22.08498584,23.15106383,,,,,,,,,,,,,,,,,,,,,
002_8222_FY19,10.72823597,13.79123711,17.68442153,17.9126575,19.6056701,23.16323024,22.11626575,21.1792669,22.44186712,15.23654066,18.26660939,23.22623139,22.81386025,11.27634593,,,,,,,,,,,
003_5231_FY19,18.56557923,17.01168224,21.07453209,22.04356568,20.63892617,22.65814266,23.78609987,22.46718539,,,,,,,,,,,,,,,,,
003_5337_FY19,7.836781609,7.669632606,6.73163031,7.477637615,10.13344788,14.52806415,15.02920962,16.58352403,21.34114286,20.69542857,20.274,20.79252283,13.87956621,14.8341895,20.14212329,,,,,,,,,,
003_5444_FY19,21.95914543,23.92428786,25.21776612,22.31071964,23.31371814,23.18028486,22.50824588,,,,,,,,,,,,,,,,,,
003_5450_FY19,23.29607843,22.21740548,21.40149545,21.73605707,20.77202073,,,,,,,,,,,,,,,,,,,,
003_5551_FY19,25.64296296,27.30880178,27.14164201,27.24963072,,,,,,,,,,,,,,,,,,,,,
003_5555_FY19,24.01622137,23.22588832,21.56265823,24.19981061,24.05674653,24.46761006,26.30433417,24.83865915,23.38954944,,,,,,,,,,,,,,,,
003_5647_FY19,24.58345643,25.75074074,26.76520772,28.86090504,22.62035661,26.62704309,,,,,,,,,,,,,,,,,,,
003_5654_FY19,17.707021,16.14618922,16.95877309,15.99075297,16.32847682,21.69522145,,,,,,,,,,,,,,,,,,,
003_5655_FY19,18.03313648,16.25295664,16.9525066,16.69352708,16.85662252,19.68998674,17.6668883,,,,,,,,,,,,,,,,,,
003_5750_FY19,18.89921466,17.98293963,16.56373193,17.44532279,15.79128137,16.38046358,19.30271883,17.28557181,,,,,,,,,,,,,,,,,
003_6063_FY19,11.29557292,15.5922425,17.79673203,18.37958115,17.8238189,15.83738502,16.73089592,16.15257596,16.62417219,19.59549072,17.70711436,,,,,,,,,,,,,,
003_6064_FY19,7.096964064,6.7,6.264321295,12.20199501,16.446875,18.56132666,21.58375157,24.17893082,,,,,,,,,,,,,,,,,
003_6069_FY19,25.34479167,24.94764216,25.62828492,25.84772099,25.61294766,26.98005502,,,,,,,,,,,,,,,,,,,
003_6179_FY19,17.52453271,7.413157895,12.45638173,14.73151408,11.95564042,15.76941176,17.11130742,18.36127509,12.28812057,7.144845972,9.234893365,15.24109264,,,,,,,,,,,,,
003_8059_FY19,22.64242879,23.98238381,25.97451274,23.06596702,24.12368816,23.64692654,24.22713643,,,,,,,,,,,,,,,,,,
003_8060_FY19,24.14928571,22.81124642,20.97883788,23.10431655,,,,,,,,,,,,,,,,,,,,,
004_3794_FY19,24.70760234,24.31350365,23.86370262,24.02143895,26.7943314,24.6442029,24.9146165,,,,,,,,,,,,,,,,,,
004_3893_FY19,7.550574713,7.773249139,6.557405281,7.479644495,12.38001145,16.54696449,17.41666667,19.11069794,22.63787185,22.662,21.33371429,,,,,,,,,,,,,,
004_3897_FY19,19.04595376,18.87847222,16.52462341,16.10585847,19.66492451,7.745348837,4.747380675,11.79691142,16.90741822,16.74036215,5.885380117,11.81770223,14.29988263,11.21970588,16.17264706,16.4926384,18.55430933,12.16046099,7.133590047,9.519869514,14.85599762,21.4202381,25.84981168,,
004_3996_FY19,19.59637046,9.922521957,5.602515723,10.64011335,15.09848485,19.16276865,22.00760456,20.46533079,,,,,,,,,,,,,,,,,
004_4004_FY19,19.20982659,19.48177083,16.94669757,16.86008111,20.42334495,8.447965116,3.462165308,12.32604895,16.84568261,16.79410047,5.256432749,11.72919109,14.47212441,10.72882353,15.93529412,16.72320377,18.49793388,11.50265957,4.588862559,,,,,,
004_4100_FY19,25.70914543,24.45989505,24.75037425,26.46444611,,,,,,,,,,,,,,,,,,,,,
004_4109_FY19,15.8317757,20.97627005,20.11040268,20.49764785,22.98315364,22.58468286,,,,,,,,,,,,,,,,,,,
004_4306_FY19,19.99421965,8.217090069,6.253748558,11.90063364,20.36536249,22.91743383,21.56063218,25.15241102,18.19237385,6.963302752,13.3722795,,,,,,,,,,,,,,
004_4308_FY19,16.38129291,20.89490263,18.30034325,6.887714286,5.012571429,15.27257143,19.24828767,22.99200913,16.97003425,12.76855023,9.522170362,,,,,,,,,,,,,,
004_4513_FY19,20.38690476,18.60779494,19.0685654,21.56135402,,,,,,,,,,,,,,,,,,,,,
004_4516_FY19,20.44336671,10.38143036,6.723584906,11.6993073,16.21117424,20.18109987,22.91032953,21.46596692,,,,,,,,,,,,,,,,,
004_4518_FY19,22.7545904,22.39022663,22.93475177,22.87073864,22.61894587,23.5278174,,,,,,,,,,,,,,,,,,,
004_4520_FY19,25.47988077,24.6880597,26.41119403,24.01119403,24.00186846,23.36883408,24.00898204,24.44535928,,,,,,,,,,,,,,,,,
004_4522_FY19,16.23539638,17.17862117,18.91236034,21.25874126,,,,,,,,,,,,,,,,,,,,,
004_4618_FY19,17.60569106,17.98954704,17.99303944,19.8873117,17.20780347,,,,,,,,,,,,,,,,,,,,
004_4619_FY19,16.26147427,17.3060585,18.52967877,20.86239496,,,,,,,,,,,,,,,,,,,,,
004_4722_FY19,26.1577961,24.32796102,25.12462575,26.04640719,,,,,,,,,,,,,,,,,,,,,
004_4729_FY19,9.791956019,10.94046243,14.15704388,14.41493656,16.51382488,17.02707373,22.12658228,,,,,,,,,,,,,,,,,,
004_4827_FY19,17.94207723,15.47897196,20.90274064,20.08243968,19.85819892,22.23618598,22.33164642,21.87719892,,,,,,,,,,,,,,,,,
004_4834_FY19,26.85798611,26.63349515,27.01590595,26.59081492,26.96108815,28.08837689,26.70404664,,,,,,,,,,,,,,,,,,
004_4835_FY19,10.55821918,17.79047891,16.51510832,9.340935006,5.375285388,7.789053592,9.894121005,14.29988597,15.75256849,20.11687571,21.59332192,19.86914286,18.60901826,18.39028571,17.53804348,18.2208238,20.52061856,19.34621993,9.672107675,11.33744266,13.90241102,14.72586207,8.681950935,,
004_4924_FY19,25.34119718,25.33544304,23.75632022,25.02030812,23.55594406,25.04393305,25.42200557,,,,,,,,,,,,,,,,,,
004_4925_FY19,21.98869509,21.84806452,22.78217503,23.30487805,,,,,,,,,,,,,,,,,,,,,
004_4937_FY19,10.82534247,17.24600912,19.01626712,19.26197263,21.08276256,,,,,,,,,,,,,,,,,,,,
004_4939_FY19,23.25749625,24.25935629,25.14782934,27.68862275,27.51644245,24.9009716,27.53544776,,,,,,,,,,,,,,,,,,
004_5027_FY19,25.63333333,25.08495146,25.5988935,25.75138122,25.559573,27.23968363,,,,,,,,,,,,,,,,,,,
004_5042_FY19,26.49103586,26.2234748,27.2089404,26.85435931,28.76910408,28.08377135,27.31594488,26.48102094,,,,,,,,,,,,,,,,,
004_5138_FY19,24.59645954,22.99278499,23.53602305,24.21690647,25.91284075,25.26865136,23.91845494,,,,,,,,,,,,,,,,,,
004_5143_FY19,22.73467153,23.17423133,24.0755132,22.86400293,21.03860294,,,,,,,,,,,,,,,,,,,,
004_5236_FY19,23.63856305,22.11950147,20.76176471,21.25110294,22.32400589,,,,,,,,,,,,,,,,,,,,
004_5243_FY19,20.34418023,9.963927227,6.899056604,11.70308564,16.28566919,20.16814159,22.59252218,21.39135959,,,,,,,,,,,,,,,,,
004_5245_FY19,15.701373,21.31471936,18.39502288,6.758,4.392571429,14.56142857,19.31563927,23.03281963,16.87728311,12.86586758,8.777080958,,,,,,,,,,,,,,
004_5246_FY19,25.28361345,23.79755245,25.73709902,25.79387187,,,,,,,,,,,,,,,,,,,,,
004_5344_FY19,20.92426471,21.98783186,23.50258112,24.07496307,,,,,,,,,,,,,,,,,,,,,
005_5906_FY19,16.34564394,20.1028481,22.41318124,22.36435832,17.89808917,17.68558673,17.50191816,23.58322663,19.18284062,16.86840412,,,,,,,,,,,,,,,
005_5911_FY19,23.55658284,23.96555556,27.23256677,21.70430906,25.39821694,,,,,,,,,,,,,,,,,,,,
005_6001_FY19,21.61473088,21.74078014,22.5871266,22.02560455,23.26890157,,,,,,,,,,,,,,,,,,,,
005_6002_FY19,16.20991162,19.81867089,22.02474619,21.76175349,17.79490446,17.70376276,17.44085678,23.1446863,18.82349166,16.57979408,,,,,,,,,,,,,,,
005_6006_FY19,25.65307487,27.53004005,26.20372836,25.48105053,25.44927056,25.45271164,25.77341689,24.98550212,,,,,,,,,,,,,,,,,
005_6012_FY19,25.13535503,24.20722714,24.51733038,23.00368189,,,,,,,,,,,,,,,,,,,,,
005_6111_FY19,23.6295045,23.28823088,26.76161919,26.83671171,27.24624625,27.19790105,,,,,,,,,,,,,,,,,,,
005_6120_FY19,26.38758621,26.565427,27.30769231,25.76268861,,,,,,,,,,,,,,,,,,,,,
005_6122_FY19,21.55066568,23.47152367,23.88333333,27.52451709,22.07355126,24.75744048,,,,,,,,,,,,,,,,,,,
005_6125_FY19,23.76183252,24.70520581,25.12198068,24.04674306,24.70637786,23.76710684,24.42016807,,,,,,,,,,,,,,,,,,
005_6227_FY19,16.98863636,20.61012658,23.07541191,22.97204574,18.60764331,18.22289541,18.15377238,24.06241997,19.63078406,17.47007722,,,,,,,,,,,,,,,
005_6332_FY19,24.45883234,22.30202096,24.33245877,26.07458771,22.90592204,23.82608696,23.39189189,23.28323263,27.85644678,27.755997,27.95645646,27.68956456,,,,,,,,,,,,,
005_6434_FY19,16.04178177,13.97856155,13.98300971,15.43984701,16.41399721,17.46019553,20.1451049,,,,,,,,,,,,,,,,,,
005_6534_FY19,27.19785503,25.91998525,25.83923304,24.79197349,,,,,,,,,,,,,,,,,,,,,
005_6536_FY19,20.95137881,19.19440407,18.73177843,19.8729927,22.03216374,22.34077599,,,,,,,,,,,,,,,,,,,
005_6541_FY19,22.91775534,22.10379597,22.1,17.59308511,17.54363208,18.63738208,,,,,,,,,,,,,,,,,,,
005_6546_FY19,24.0297619,26.36922504,25.69374069,26.9988806,24.5426009,23.36248132,23.68899701,24.05651198,,,,,,,,,,,,,,,,,
005_6638_FY19,18.47438272,18.46508035,19.46189591,18.34378882,19.13339552,19.37624688,21.6834375,20.10168961,9.838770389,7.496545226,11.56116015,,,,,,,,,,,,,,
005_6639_FY19,22.64994299,11.35005701,17.64196123,18.93785633,19.9059293,21.95353478,14.40877993,18.98147092,20.47206385,,,,,,,,,,,,,,,,
005_6755_FY19,22.10889396,10.58323831,16.19099202,18.0122577,20.49971494,21.6322208,,,,,,,,,,,,,,,,,,,
005_6856_FY19,23.51238592,23.12353706,23.51071429,22.50841969,22.53525226,,,,,,,,,,,,,,,,,,,,
005_6964_FY19,20.84036145,20.83545576,19.84543011,22.01783311,23.46659919,22.72124493,,,,,,,,,,,,,,,,,,,
005_7061_FY19,24.53181138,22.25561377,23.88605697,25.7083958,22.75524738,23.69632132,,,,,,,,,,,,,,,,,,,
005_7062_FY19,16.36671271,14.37950139,13.88280166,15.59248957,16.93837047,18.36173184,21.38286713,,,,,,,,,,,,,,,,,,
005_7065_FY19,24.6028777,26.86262554,26.03116046,24.71459227,23.79321429,23.97079772,,,,,,,,,,,,,,,,,,,
005_7072_FY19,20.33134642,17.8318118,18.83309859,21.30261299,21.50176554,,,,,,,,,,,,,,,,,,,,
005_7168_FY19,22.00305998,23.65153374,22.96402214,22.93103448,,,,,,,,,,,,,,,,,,,,,
005_7169_FY19,21.68094901,21.88652482,23.44416785,22.65420228,23.24072753,,,,,,,,,,,,,,,,,,,,
005_7273_FY19,19.64735772,21.04993207,23.48231293,24.32571623,23.77322404,15.17671233,15.87688615,18.17537827,24.22761708,,,,,,,,,,,,,,,,
005_7369_FY19,24.65879828,23.42775393,21.55093257,23.64064748,22.94172662,24.15836941,21.99602601,,,,,,,,,,,,,,,,,,
005_7373_FY19,27.28110945,25.72451274,25.97484985,25.39955022,22.87743628,24.02811094,25.38061377,,,,,,,,,,,,,,,,,,
005_7477_FY19,24.39245636,23.34993773,21.47111801,22.05552109,22.55909653,24.0537037,27.19944513,,,,,,,,,,,,,,,,,,
005_7484_FY19,21.44216691,22.69582723,21.24889868,19.86306902,20.60530191,21.88938053,23.25184366,24.13496241,,,,,,,,,,,,,,,,,
005_7578_FY19,23.16441441,22.86544228,27.40990991,26.90840841,27.26276276,27.16416792,,,,,,,,,,,,,,,,,,,
005_7580_FY19,20.50925926,16.44932015,6.662019827,7.157142857,6.735385572,11.19326683,15.52933833,18.29161452,21.1838143,23.75659548,12.18419395,11.42087011,13.57648546,15.12420786,,,,,,,,,,,
005_7586_FY19,20.76311288,22.05679224,22.98460661,23.93607306,21.60685714,,,,,,,,,,,,,,,,,,,,
005_7679_FY19,24.53181138,22.25561377,23.88605697,25.7083958,22.75524738,23.69632132,,,,,,,,,,,,,,,,,,,
005_7685_FY19,21.3249694,23.08282209,22.12453875,22.1182266,,,,,,,,,,,,,,,,,,,,,
005_7686_FY19,19.3197832,20.82914402,23.46496599,24.41575716,23.76502732,14.43972603,15.73731139,17.8823934,24.19834711,,,,,,,,,,,,,,,,
005_7784_FY19,22.1943631,23.2181552,21.65528634,20.48125,21.05919118,22.16408555,,,,,,,,,,,,,,,,,,,
005_7791_FY19,16.49585635,14.30228532,13.68238558,15.07093185,16.50766017,17.91934358,20.43146853,,,,,,,,,,,,,,,,,,
005_8257_FY19,25.91191904,26.81296852,26.48688156,24.11056972,24.77398801,26.32821856,,,,,,,,,,,,,,,,,,,
005_8262_FY19,14.64516129,16.32235142,16.13503886,13.67337662,11.86150845,14.77444589,17.0982376,,,,,,,,,,,,,,,,,,
006_4736_FY19,22.85313901,23.10703593,24.08420659,22.32859281,,,,,,,,,,,,,,,,,,,,,
006_4737_FY19,24.93317819,23.99933687,25.63046358,25.17744063,24.98320158,24.44710907,23.88484252,,,,,,,,,,,,,,,,,,
006_4840_FY19,20.32620321,20.15,19.41196237,21.65262803,22.13697706,,,,,,,,,,,,,,,,,,,,
006_5364_FY19,21.97203504,22.15148448,21.85994587,19.89600271,21.18580163,,,,,,,,,,,,,,,,,,,,
006_5567_FY19,24.50692771,24.18840144,24.45863309,21.55868263,23.47906699,22.82428401,,,,,,,,,,,,,,,,,,,
006_5569_FY19,22.25269542,22.68353576,22.06258457,19.94715447,21.49694293,,,,,,,,,,,,,,,,,,,,
006_5673_FY19,24.79307229,24.3344351,24.46133094,21.88532934,23.56369617,22.77118138,,,,,,,,,,,,,,,,,,,
006_5882_FY19,16.31841801,16.72376009,17.62081892,18.89141705,23.32825086,,,,,,,,,,,,,,,,,,,,
006_5987_FY19,20.40055762,18.67484472,19.96299751,19.6776808,22.2321875,20.81758448,9.989648683,,,,,,,,,,,,,,,,,,
006_5991_FY19,25.25259644,26.71560651,26.45377219,26.40140325,24.85693215,25.16237113,24.14653903,,,,,,,,,,,,,,,,,,
006_5992_FY19,16.70784884,17.55836237,18.10457706,19.94212963,17.24248555,19.84393064,,,,,,,,,,,,,,,,,,,
006_5993_FY19,23.32275641,24.10773657,24.60376756,24.82356688,,,,,,,,,,,,,,,,,,,,,
006_6091_FY19,12.77435065,10.97756827,15.84289439,18.02447781,17.89528796,17.85058978,,,,,,,,,,,,,,,,,,,
006_6206_FY19,25.31571219,24.66519824,22.87536657,23.12188873,,,,,,,,,,,,,,,,,,,,,
006_6209_FY19,8.854310345,8.796498278,10.32540138,12.93699885,17.6534937,16.85640732,19.35183066,23.14874142,22.75885714,21.31506849,22.64942857,13.98972603,16.3127138,23.06820776,,,,,,,,,,,
006_8083_FY19,25.6084507,25.28270042,23.98246844,24.97230014,23.88321678,25.59414226,25.82062937,27.47739917,27.40429958,27.70463989,,,,,,,,,,,,,,,
006_8087_FY19,26.40366022,26.38758621,28.06877579,25.94539835,,,,,,,,,,,,,,,,,,,,,
006_8091_FY19,23.39920828,25.53584447,23.60515152,24.09140436,24.85024155,24.11686747,,,,,,,,,,,,,,,,,,,
007_3595_FY19,17.55890052,17.21133683,16.62894737,17.27239789,16.24306473,16.67559524,19.18103448,,,,,,,,,,,,,,,,,,
007_3597_FY19,13.26558442,12.05526658,15.67275098,17.81984334,18.56969895,18.62090433,,,,,,,,,,,,,,,,,,,
007_3802_FY19,11.34855164,16.19026549,19.80189873,22.33978426,21.33036849,17.34267516,17.0653699,17.77845269,23.61121795,19.30006418,16.8523166,,,,,,,,,,,,,,
007_3804_FY19,15.38192841,14.62081892,17.20299885,18.81192396,23.27128884,,,,,,,,,,,,,,,,,,,,
007_3805_FY19,10.5890411,16.39880274,18.0436146,19.82639681,21.07753706,,,,,,,,,,,,,,,,,,,,
007_3904_FY19,15.66455274,21.00367647,19.78456376,20.33366935,22.46832884,22.47638327,,,,,,,,,,,,,,,,,,,
007_3910_FY19,24.60026738,26.5694259,25.51498003,24.8224734,24.20623342,25.66291391,25.04914248,24.96179183,24.60019711,24.47145669,,,,,,,,,,,,,,,
007_4010_FY19,12.32871537,17.3454488,20.91550633,23.05361675,21.80050826,18.51305732,18.46428571,19.32257033,24.32307692,19.97496791,17.59105534,,,,,,,,,,,,,,
007_4013_FY19,16.66282895,17.40645586,16.4015852,17.07275132,19.0331565,17.10325365,17.90645806,,,,,,,,,,,,,,,,,,
007_4113_FY19,23.59392857,23.61431624,24.70056899,26.60440341,26.32021277,26.49363508,25.4051481,,,,,,,,,,,,,,,,,,
007_4114_FY19,17.41057181,18.26031957,16.06608812,20.90708556,20.29530201,20.44321237,,,,,,,,,,,,,,,,,,,
007_4122_FY19,16.58505821,18.77587322,18.95569211,20.32956016,24.48447607,24.16763566,24.89100906,22.27037516,24.4152652,23.00226391,22.05983182,,,,,,,,,,,,,,
007_4224_FY19,22.69692533,21.02312775,20.0715859,20.59632353,21.37002946,,,,,,,,,,,,,,,,,,,,
007_4329_FY19,23.91899853,23.06664212,24.88105727,24.35572687,22.62701318,,,,,,,,,,,,,,,,,,,,
007_4330_FY19,24.47793054,24.58068017,23.45670996,24.15791367,,,,,,,,,,,,,,,,,,,,,
007_4628_FY19,23.57247438,25.15533626,24.33321168,23.60459184,23.81259098,27.03197674,24.52173913,24.63060781,,,,,,,,,,,,,,,,,
007_4732_FY19,25.58169533,25.64601227,26.61933905,25.8306846,,,,,,,,,,,,,,,,,,,,,
007_4734_FY19,21.68483871,22.50322165,23.20571245,23.2400641,24.032289,24.17752235,,,,,,,,,,,,,,,,,,,
007_4836_FY19,21.33741935,22.18298969,22.75577664,22.69423077,23.68734015,23.8045977,,,,,,,,,,,,,,,,,,,
007_4940_FY19,20.15613267,9.482434128,5.236792453,10.78904282,15.5022096,19.71175727,22.33121827,20.49650572,,,,,,,,,,,,,,,,,
008_3921_FY19,23.57073012,23.29876463,23.54188312,21.96826425,,,,,,,,,,,,,,,,,,,,,
008_4023_FY19,22.96601942,24.65072639,24.45440821,24.35977081,,,,,,,,,,,,,,,,,,,,,
008_4127_FY19,24.9673913,25.80501497,23.25299401,24.20577211,24.98016467,25.83308383,26.1554559,24.55605381,27.44962687,,,,,,,,,,,,,,,,
008_4137_FY19,15.12743414,19.85926773,17.72942857,6.042048055,3.621142857,14.4206621,18.41809361,22.29252283,16.30993151,11.90211187,,,,,,,,,,,,,,,
008_4232_FY19,21.19173729,21.86898017,21.62765957,22.47795164,21.95874822,22.7863766,,,,,,,,,,,,,,,,,,,
008_4238_FY19,15.31872852,20.14244851,17.07485714,5.611556064,3.138857143,14.73259132,19.018,22.80793379,16.41866438,11.51541096,,,,,,,,,,,,,,,
008_4336_FY19,19.27879009,20.81705539,22.90109489,22.66288433,23.19948755,21.73935389,20.40271659,21.30220588,22.21539028,23.41076696,23.87942478,22.76257396,,,,,,,,,,,,,
008_4342_FY19,24.68934911,25.52888889,27.71851852,21.63410104,25.90564636,,,,,,,,,,,,,,,,,,,,
008_4344_FY19,4.738285714,15.03224886,19.51484018,23.21204338,17.14155251,12.38584475,9.31613455,10.08808438,18.50570125,17.44526796,10.9831813,7.90336374,9.750855188,11.23289624,14.75256849,15.7163626,20.47545662,22.06592466,20.08932648,19.03114286,19.54633867,18.118,19.4712963,,
008_4448_FY19,3.997142857,14.38641553,18.20804795,22.55393836,16.13156393,11.51455479,8.105473204,9.111174458,18.11231471,16.59948689,9.148517674,3.809293044,6.93386545,9.063283922,14.49058219,15.92474344,20.34817352,22.00913242,19.52853881,17.27857143,17.29948513,16.05257143,17.79120879,,
008_4538_FY19,22.56733092,19.12741546,17.84866828,20.67597087,20.42162819,21.6047503,,,,,,,,,,,,,,,,,,,
008_4548_FY19,24.23318386,24.5741018,22.84917665,24.89708084,26.33995502,23.35194903,23.87143928,23.85510511,23.3302099,27.41866567,27.40142429,27.76013514,27.7143928,,,,,,,,,,,,
008_4549_FY19,28.06521739,26.67428786,26.26124438,25.86901198,,,,,,,,,,,,,,,,,,,,,
008_4644_FY19,6.277011494,5.525832377,6.654816514,9.760894495,15.53006873,13.99170481,16.58466819,21.86355835,20.97485714,19.43350457,20.39371429,10.76969178,13.90211187,19.68807078,,,,,,,,,,,
008_4751_FY19,21.76286765,23.57248157,22.74723247,22.73768473,19.59197531,19.46693449,,,,,,,,,,,,,,,,,,,
008_4753_FY19,26.73238381,25.79535232,25.0625937,25.01609281,,,,,,,,,,,,,,,,,,,,,
008_4764_FY19,24.48050975,24.31081081,23.74475262,28.60869565,28.44415292,28.68168168,28.37931034,,,,,,,,,,,,,,,,,,
008_4765_FY19,13.78761349,12.56501951,15.94205729,18.23398693,19.22378768,18.72473753,,,,,,,,,,,,,,,,,,,
008_4771_FY19,24.98148148,27.5615727,21.37369985,25.55720654,,,,,,,,,,,,,,,,,,,,,
008_4853_FY19,25.28598201,25.12406297,24.81811377,22.91392216,23.15629685,24.22267964,,,,,,,,,,,,,,,,,,,
008_4860_FY19,25,25,21.72397361,20.63676471,21.29301471,22.20066274,23.68215339,24.26292467,23.31942393,25.0762963,,,,,,,,,,,,,,,
008_4976_FY19,22.59866751,20.5528481,23.55214918,23.86034048,24.20623426,25.79993719,25.18984962,23.4228125,,,,,,,,,,,,,,,,,
008_5168_FY19,10.4479844,14.37255541,17.56201044,17.75163827,17.58497375,15.79309211,16.36396574,15.27509908,16.05654762,18.62533156,,,,,,,,,,,,,,,
008_5185_FY19,10.68757225,14.3080254,14.87066975,16.05904378,17.44275029,22.45948276,7.526436782,,,,,,,,,,,,,,,,,,
008_5269_FY19,25.64963235,24.70080764,22.65300146,23.01683748,,,,,,,,,,,,,,,,,,,,,
008_5375_FY19,15.34727062,19.55243337,11.51593279,9.695023148,10.58843931,14.15040416,14.44117647,,,,,,,,,,,,,,,,,,
008_5377_FY19,13.76406429,16.91551724,23.36622555,21.67770737,21.58064516,19.4100346,20.84584296,19.9,19.62947977,,,,,,,,,,,,,,,,
008_5381_FY19,26.14917541,26.71407186,23.35591317,23.91392216,25.59244012,,,,,,,,,,,,,,,,,,,,
008_5495_FY19,24.671875,23.99554235,23.41283383,24.4837037,25.47703704,24.94785503,,,,,,,,,,,,,,,,,,,
008_5579_FY19,16.57072368,17.4640975,16.00924703,16.48148148,19.03680371,17.54913679,17.95905459,15.69993324,,,,,,,,,,,,,,,,,
008_5584_FY19,24.40752924,24.09051095,23.33673469,23.69614265,26.4074746,24.11030479,24.34732272,,,,,,,,,,,,,,,,,,
008_5592_FY19,26.69227886,25.17691154,24.80584708,24.5377994,,,,,,,,,,,,,,,,,,,,,
008_5597_FY19,25.25317797,25.47288732,24.68600563,23.89060309,,,,,,,,,,,,,,,,,,,,,
008_5696_FY19,27.18928036,26.99326347,25.61040419,25.62125749,27.09655689,,,,,,,,,,,,,,,,,,,,
008_5697_FY19,16.45783493,19.71522782,16.68967587,19.9281851,20.3496988,9.504528986,14.16596131,14.21912833,17.21419903,20.01488457,22.2228989,21.51984127,20.26405868,,,,,,,,,,,,
008_5796_FY19,26.98829787,26.79432624,26.90311174,25.70480226,,,,,,,,,,,,,,,,,,,,,
008_5892_FY19,24.72258772,24.29160584,23.66873178,24.30240175,26.85101744,24.49492017,24.74529667,,,,,,,,,,,,,,,,,,
009_2674_FY19,25.83259912,25.2041116,23.49341142,23.89568082,24.82591241,24.54416058,23.72307132,24.10007278,27.18214804,24.48367199,24.72684515,25.67557803,,,,,,,,,,,,,
009_3093_FY19,26.28884181,26.50528169,25.98136428,25.0697756,,,,,,,,,,,,,,,,,,,,,
009_3191_FY19,7.180427252,4.629757785,9.960784314,18.24740783,21.65909091,21.29454023,25.19683908,17.44087256,4.264334862,11.29295533,15.1580756,18.61813501,17.97854691,5.402745995,,,,,,,,,,,
009_3192_FY19,25.2587535,23.94064246,25.5488145,25.36022253,26.00694444,25.02804709,,,,,,,,,,,,,,,,,,,
009_3197_FY19,20.02314165,18.74051966,19.67253521,21.56338028,,,,,,,,,,,,,,,,,,,,,
010_1657_FY19,24.39642417,22.37869458,25.43519656,25.07668712,25.02784578,24.4532967,23.87987805,,,,,,,,,,,,,,,,,,
010_1762_FY19,25.66738506,26.81609195,25.68266476,25.92131617,,,,,,,,,,,,,,,,,,,,,
010_1866_FY19,19.87797203,17.96183473,16.67591292,18.7556338,,,,,,,,,,,,,,,,,,,,,
010_1867_FY19,24.39015692,24.94614836,25.871266,27.62695035,27.46423513,27.45939266,,,,,,,,,,,,,,,,,,,
010_1970_FY19,22.68067847,22.18205318,22.14164201,24.28180473,24.98851852,,,,,,,,,,,,,,,,,,,,
010_2803_FY19,16.90191388,20.10821343,17.03151261,18.91756919,20.23222892,11.72647768,15.83131802,15.67242424,17.83596598,20.4735723,22.46589525,20.96336996,20.12255501,27.56617647,,,,,,,,,,,
010_2909_FY19,25.69793205,23.85545723,24.50553097,22.82941176,,,,,,,,,,,,,,,,,,,,,
010_3014_FY19,22.97771318,22.67548387,23.14092664,23.39235219,,,,,,,,,,,,,,,,,,,,,
010_3112_FY19,26.61865569,26.75239398,27.57411202,26.8431105,,,,,,,,,,,,,,,,,,,,,
010_3119_FY19,26.06492537,27.67649254,27.04210134,25.89008942,25.74105812,,,,,,,,,,,,,,,,,,,,
010_3208_FY19,24.64407989,25.02457265,26.33783784,27.58262411,27.20184136,27.29455446,,,,,,,,,,,,,,,,,,,
010_3219_FY19,25.04487179,24.79664634,23.1350365,24.52156744,,,,,,,,,,,,,,,,,,,,,
010_3220_FY19,25.47201493,26.7119403,26.35581222,24.13152012,25.06706408,,,,,,,,,,,,,,,,,,,,
010_3323_FY19,23.12165179,25.65834575,24.52496274,26.33196721,23.62313433,22.47832586,22.59828102,23.12070254,,,,,,,,,,,,,,,,,
010_3324_FY19,25.20247006,23.34356287,25.32946027,26.6904048,24.08395802,24.67503748,,,,,,,,,,,,,,,,,,,
010_3407_FY19,17.25796813,17.493,14.99833111,21.10274431,20.24128686,19.93413978,,,,,,,,,,,,,,,,,,,
010_3415_FY19,16.46351675,20.09352518,16.8562425,19.30558894,20.10572289,10.25754831,14.54383313,14.31212121,17.37348301,20.05771567,22.28989038,22.0540293,,,,,,,,,,,,,
010_3418_FY19,25.74481481,28.04376855,22.11367013,25.92013373,24.40290179,,,,,,,,,,,,,,,,,,,,
010_3424_FY19,25.13712012,26.22254335,23.93686869,23.89301153,,,,,,,,,,,,,,,,,,,,,
010_3427_FY19,25.98860294,25.97727273,24.38526393,24.32833089,25.53654971,24.8770073,24.09511662,24.02219796,27.18323657,24.59673913,,,,,,,,,,,,,,,
010_3429_FY19,16.57413564,16.74300932,14.00600801,20.06994645,19.39845845,18.59442204,,,,,,,,,,,,,,,,,,,
010_3529_FY19,19.71558824,18.15246769,22.55487089,17.31037515,13.70526316,13.21670561,,,,,,,,,,,,,,,,,,,
010_3532_FY19,25.78314917,25.83586207,26.96767538,25.3021978,25.15150479,,,,,,,,,,,,,,,,,,,,
010_3613_FY19,21.36085714,12.29708904,15.8966895,21.87671233,21.49229452,,,,,,,,,,,,,,,,,,,,
010_3722_FY19,25.08580981,24.44621662,26.27333333,27.59592593,26.86686391,,,,,,,,,,,,,,,,,,,,
010_3738_FY19,20.7637881,18.56359012,18.33527697,19.54810496,21.56871345,,,,,,,,,,,,,,,,,,,,
010_3840_FY19,20.56748252,19.71533613,17.93995787,18.89014085,21.38892807,21.63276836,,,,,,,,,,,,,,,,,,,
010_3924_FY19,24.23398836,27.31676343,24.84796807,25.09515195,25.8800578,23.86147186,24.27341499,25.05395683,27.16176471,26.41618911,25.17428571,,,,,,,,,,,,,,
010_3928_FY19,10.36443884,15.99116162,19.32310127,21.58090102,21.36689962,18.0044586,17.203125,16.88714834,25.79303548,23.11632391,21.81113256,,,,,,,,,,,,,,
010_3937_FY19,23.91726835,23.26020408,23.86254502,21.14371257,23.07467145,22.34976105,,,,,,,,,,,,,,,,,,,
010_3943_FY19,22.39224138,22.40201729,23.29394813,22.16473988,21.13712012,22.3326087,,,,,,,,,,,,,,,,,,,
010_4034_FY19,20.20911765,18.20417156,22.905223,17.73388042,14.05737705,13.53125,,,,,,,,,,,,,,,,,,,
010_4037_FY19,20.29278729,20.83272059,22.27395577,22.5098401,21.41584464,18.05246914,18.54388133,,,,,,,,,,,,,,,,,,
010_4041_FY19,21.08771394,20.95343137,23.78716216,23.15805658,22.31103576,18.52657602,18.90574784,,,,,,,,,,,,,,,,,,
010_4043_FY19,24.66851852,27.27040059,21.35104012,25.20468053,23.7671131,,,,,,,,,,,,,,,,,,,,
010_4047_FY19,25.99477612,23.2858209,22.42376682,22.91778774,23.58183857,23.34468563,22.51347305,,,,,,,,,,,,,,,,,,
010_4048_FY19,23.90104948,23.37256372,23.0446027,27.0952024,27.21289355,27.50112444,27.23836336,26.85307346,,,,,,,,,,,,,,,,,
010_4453_FY19,23.99413299,23.32477243,23.65194805,22.29857513,22.99191462,,,,,,,,,,,,,,,,,,,,
010_4664_FY19,24.39737991,27.19303338,25.03628447,25.40738061,26.39306358,24.04834055,24.10590778,,,,,,,,,,,,,,,,,,
011_1409_FY19,22.51007326,21.35648715,21.98470012,23.24754601,23.21463715,22.86607143,19.92623457,19.16305693,,,,,,,,,,,,,,,,,
011_1615_FY19,23.82291667,23.60677083,25.52459016,25.67622951,26.15149254,24.66791045,24.20478326,,,,,,,,,,,,,,,,,,
011_1619_FY19,16.80190931,16.50985663,17.57805024,20.51648681,18.21338535,20.82009627,21.51024096,10.20048309,15.63650121,15.19733656,19.08889563,21.92731144,22.88946407,22.32051282,20.8629131,21.47365196,,,,,,,,,
011_1620_FY19,23.41304348,24.36223776,22.95321229,24.37534819,24.53963839,24.63680556,24.70180305,,,,,,,,,,,,,,,,,,
011_1720_FY19,17.49563953,18.38501742,19.28654292,21.05098494,18.86950231,,,,,,,,,,,,,,,,,,,,
011_1723_FY19,10.63939567,11.37043379,19.31556442,17.90011416,10.92531357,7.320205479,9.907639681,11.74086758,16.93757127,19.38898402,22.01371429,23.56649543,21.64514286,20.29457143,20.19114286,19.44050343,19.92248284,22.28780069,20.71731651,20.51030928,,,,,
011_1728_FY19,17.95181564,21.21013986,20.46423562,18.6756662,20.11216596,22.3028169,,,,,,,,,,,,,,,,,,,
011_1829_FY19,23.90722802,25.65783582,23.64664179,22.75896861,,,,,,,,,,,,,,,,,,,,,
011_1927_FY19,23.86524566,23.19191919,23.41726619,24.02374101,25.78658537,25.28402579,24.21065808,,,,,,,,,,,,,,,,,,
011_1933_FY19,27.01195355,26.48637602,26.4462585,26.49660787,27.17073171,25.825,25.15991903,,,,,,,,,,,,,,,,,,
011_2032_FY19,23.78024453,24.01700899,24.18621795,24.92519182,24.96998723,,,,,,,,,,,,,,,,,,,,
011_2033_FY19,26.20224719,24.81451613,26.47937063,24.66620112,26.41991643,,,,,,,,,,,,,,,,,,,,
011_2037_FY19,15.30418719,20.0308642,17.27194067,5.358736059,5.759006211,4.571828358,10.8675187,14.58875,17.71652065,20.80677541,23.98146985,8.820528967,10.33606557,13.07364096,,,,,,,,,,,
011_2133_FY19,27.86689189,28.09408602,27.36561662,25.5434492,27.612,,,,,,,,,,,,,,,,,,,,
011_2134_FY19,22.39809384,20.87334802,21.29080882,22.27614138,23.94616519,24.33604136,,,,,,,,,,,,,,,,,,,
011_2139_FY19,4.59895227,12.25029172,16.86435239,17.27161215,7.175058548,11.73270809,14.74501174,11.80382353,15.80911765,16.72641509,18.27744982,12.51183432,6.953846154,,,,,,,,,,,,
011_2239_FY19,24.4498557,24.93669065,25.52122302,27.61621234,27.39971347,24.96387697,,,,,,,,,,,,,,,,,,,
011_2240_FY19,20.19104046,8.187644342,5.937716263,11.90552995,19.5109447,22.80437284,21.11896552,25.05510907,18.07634902,5.32912844,12.65768349,16.40481651,20.33848797,18.17391304,,,,,,,,,,,
011_2243_FY19,24.57768778,23.81001473,25.60866373,24.74706314,23.54538799,,,,,,,,,,,,,,,,,,,,
011_2247_FY19,22.73139881,25.63040238,24.47876304,26.08507463,23.62574627,22.85089686,,,,,,,,,,,,,,,,,,,
011_2248_FY19,22.33667529,22.02419355,22.38513514,22.59306804,,,,,,,,,,,,,,,,,,,,,
011_2342_FY19,26.34747024,24.64307004,27.57414307,26.96455224,,,,,,,,,,,,,,,,,,,,,
011_2343_FY19,24.22545812,24.1496732,22.93847656,22.74414824,22.75454545,21.61010363,21.56112549,21.4116129,,,,,,,,,,,,,,,,,
011_2350_FY19,18.93830409,14.57347775,14.18165888,13.15927655,10.15850816,12.46827707,16.87616279,17.50929152,21.08990719,12.55011587,10.57609954,12.49277457,,,,,,,,,,,,,
011_2555_FY19,26.44717362,26.50168011,25.13319946,22.98262032,25.53433333,,,,,,,,,,,,,,,,,,,,
011_2556_FY19,24.38739669,15.71857735,13.21087258,12.49757282,14.43532684,15.75452646,,,,,,,,,,,,,,,,,,,
011_2656_FY19,14.44612315,18.92836758,20.27309008,21.98116438,21.92265982,22.84788813,24.30485714,,,,,,,,,,,,,,,,,,
011_2661_FY19,4.431024447,11.74941657,16.39352392,16.80286215,7.326697892,11.60902696,14.04665493,11.65764706,15.39294118,16.11379717,17.73494687,11.69142012,6.85147929,,,,,,,,,,,,
011_2662_FY19,19.58529412,21.01472754,22.68178466,22.48488201,,,,,,,,,,,,,,,,,,,,,
011_2759_FY19,24.79457652,24.10215453,24.50222552,25.36296296,27.01923077,25.86205621,,,,,,,,,,,,,,,,,,,
011_2762_FY19,24.12965723,26.32947761,23.30895522,22.60911809,,,,,,,,,,,,,,,,,,,,,
011_2771_FY19,23.04689521,23.08408505,23.57786358,23.83568678,,,,,,,,,,,,,,,,,,,,,
011_2865_FY19,20.46907514,8.834872979,6.60438293,12.32497116,19.79925115,23.62255466,23.39683908,25.44281609,18.24540758,5.936926606,13.52147766,17.15836197,20.70819015,18.63014874,,,,,,,,,,,
011_2867_FY19,16.38484487,16.0152148,16.72966507,20.35461631,18.04441777,20.42127404,20.93674699,9.468599034,14.79176755,13.90738499,18.17475728,21.27007299,22.32643118,22.06013431,20.4124847,20.67800245,,,,,,,,,
011_2872_FY19,26.17660209,23.96907601,24.56845238,24.65699405,24.56872214,24.21396731,25.76965875,,,,,,,,,,,,,,,,,,
011_2873_FY19,24.0703125,26.88897168,26.19150522,27.6358209,24.86007463,24.32660688,,,,,,,,,,,,,,,,,,,
011_2974_FY19,23.03661243,24.78962963,25.99851852,27.79562315,22.39465875,26.2953869,24.57477679,,,,,,,,,,,,,,,,,,
011_3072_FY19,25.82089552,24.59538003,24.61830357,24.50669643,24.5089153,23.98402675,23.71483771,,,,,,,,,,,,,,,,,,
011_3075_FY19,21.89416058,21.75256223,22.29941435,21.32048458,19.73274596,,,,,,,,,,,,,,,,,,,,
011_3279_FY19,24.31509299,23.37052933,21.83249641,22.74137931,,,,,,,,,,,,,,,,,,,,,
011_3290_FY19,10.34521095,10.99115297,17.81898518,16.88070776,9.244298746,5.584663626,7.905359179,9.532819635,14.87086659,16.08961187,21.14149444,,,,,,,,,,,,,,
011_3382_FY19,24.74587706,24.12931034,23.24812594,27.11581709,27.11073574,27.24625187,27.71251874,27.43290855,25.00824588,25.98166168,,,,,,,,,,,,,,,
011_3489_FY19,15.35625,15.86166008,15.48414795,16.37103175,18.23275862,16.73970784,17.30858855,,,,,,,,,,,,,,,,,,
011_3498_FY19,7.799076212,6.200980392,11.79786621,19.51612903,22.92146145,22.72586207,24.94971264,17.63576349,4.981938073,12.6002291,,,,,,,,,,,,,,,
012_1076_FY19,21.41021898,22.14108187,22.14494876,20.51392962,19.58382353,,,,,,,,,,,,,,,,,,,,
012_1078_FY19,24.85824742,24.21875,25.5613069,24.7818915,23.93181818,,,,,,,,,,,,,,,,,,,,
012_1083_FY19,27.70866935,26.73927614,24.94385027,27.30966667,,,,,,,,,,,,,,,,,,,,,
012_1091_FY19,17.97482436,13.99180328,13.61052632,14.86143524,12.49592075,13.76252914,16.92063953,17.2456446,20.20707657,13.56902552,,,,,,,,,,,,,,,
012_1093_FY19,25.0122842,24.308687,25.68046358,24.96273087,25.01383399,24.12779238,24.67158793,,,,,,,,,,,,,,,,,,
012_1179_FY19,27.04239766,26.61588921,24.5590379,26.08793605,28.74600291,25.90434783,26.01410999,25.73518786,24.66606628,,,,,,,,,,,,,,,,
012_1183_FY19,22.74238733,24.4899757,23.32606061,24.1655569,23.71765417,24.74155609,20.86057692,12.68333333,,,,,,,,,,,,,,,,,
012_1184_FY19,17.27122093,17.69425087,18.38196056,19.7725956,17.53530093,,,,,,,,,,,,,,,,,,,,
012_1290_FY19,16.12283737,16.76699309,23.0509206,7.729885057,8.145977011,6.851320321,7.062786697,9.989117984,14.26634174,14.83304696,17.06064073,22.63157895,21.93085714,20.34342857,21.48771429,12.87614155,16.09685714,,,,,,,,
012_143_FY19,22.77279305,21.14767779,19.56785196,18.73144105,20.52806122,22.66350365,23.16008772,23.41727672,,,,,,,,,,,,,,,,,
012_145_FY19,23.31654676,22.26731602,23.90584416,20.71092619,,,,,,,,,,,,,,,,,,,,,
012_148_FY19,24.6364645,26.21190828,25.05243722,24.79394387,25.52908689,,,,,,,,,,,,,,,,,,,,
012_243_FY19,25.36225997,26.72091311,25.16310751,24.59595588,,,,,,,,,,,,,,,,,,,,,
012_252_FY19,24.75374251,24.66766467,23.51833832,22.96781437,23.84468563,26.15732436,26.69170404,23.53358209,26.39216418,,,,,,,,,,,,,,,,
012_255_FY19,24.54624277,25.50862069,26.50824964,26.22174535,,,,,,,,,,,,,,,,,,,,,
012_353_FY19,23.5386057,22.6338081,26.00374813,25.77095808,26.11281859,26.72751124,26.46289355,23.73502994,,,,,,,,,,,,,,,,,
012_562_FY19,25.16948529,23.8623348,23.16825513,22.91874085,,,,,,,,,,,,,,,,,,,,,
012_658_FY19,19.45483871,20.81917632,20.9090617,21.33269231,22.37372123,22.68837803,,,,,,,,,,,,,,,,,,,
012_668_FY19,15.65819861,15.78229527,17.89821223,18.04464286,23.63147296,8.388793103,8.784482759,8.270378875,,,,,,,,,,,,,,,,,
012_781_FY19,17.96366279,18.08652729,19.3837007,20.6216686,18.40104167,,,,,,,,,,,,,,,,,,,,
012_873_FY19,15.55993151,17.25205761,19.07083906,24.30517241,16.15780387,13.8033241,14.23855756,16.36439499,,,,,,,,,,,,,,,,,
012_877_FY19,25.61549101,26.15711326,25.71556474,27.44325997,25.77057613,,,,,,,,,,,,,,,,,,,,
012_879_FY19,23.50111441,21.54359165,24.31035768,24.52686567,,,,,,,,,,,,,,,,,,,,,
012_976_FY19,16.78767123,18.13923182,19.95632737,25.09275862,18.34599448,17.14058172,18.01941748,19.79833102,18.01566852,19.75523743,22.30446927,20.86309524,20.46769663,21.02250352,,,,,,,,,,,
012_991_FY19,24.0897711,23.25857143,23.73112536,24.86115057,,,,,,,,,,,,,,,,,,,,,
013_1195_FY19,23.66510791,24.30143885,26.48314204,25.91296562,,,,,,,,,,,,,,,,,,,,,
013_1295_FY19,26.63358209,25.6703869,25.17113095,25.24145617,25.82392273,24.88372957,26.64159751,,,,,,,,,,,,,,,,,,
013_1503_FY19,24.244003,23.36731634,26.69115442,26.6488006,27.01349325,26.89205397,26.52661169,25.79743976,,,,,,,,,,,,,,,,,
013_1601_FY19,21.45845588,22.2787187,23.3130531,23.50997046,22.72267356,24.17492604,25.61925926,26.58716617,21.9384273,25.64413076,,,,,,,,,,,,,,,
013_1603_FY19,23.65230312,21.73733234,23.90536513,24.1630597,,,,,,,,,,,,,,,,,,,,,
013_1605_FY19,25.16035857,24.73441645,25.99834656,25.36063408,25.23254282,24.57555848,24.36384514,,,,,,,,,,,,,,,,,,
013_1606_FY19,16.72477064,16.25658648,18.33953089,22.66990847,21.88428571,20.24828571,21.96514286,13.17665525,17.59085714,,,,,,,,,,,,,,,,
013_1609_FY19,25.25,26.59172185,25.82463672,25.96936759,24.69185283,25.11089239,24.78632199,25.00882353,23.77998696,,,,,,,,,,,,,,,,
013_1614_FY19,24.6132199,24.31797386,23.3220339,23.13589077,23.06322957,22.03238342,21.79042691,,,,,,,,,,,,,,,,,,
013_1713_FY19,25.83825702,25.74815634,24.56516937,24.05191458,,,,,,,,,,,,,,,,,,,,,
013_2017_FY19,22.45414402,24.59965986,24.54877217,23.62260929,,,,,,,,,,,,,,,,,,,,,
013_2123_FY19,20.76064516,21.72358247,22.29300385,22.57403846,23.68254476,23.93837803,24.07866242,23.36927481,,,,,,,,,,,,,,,,,
013_2336_FY19,25.57085561,27.265,26.61318242,25.96812749,25.30139257,26.44768212,25.7169749,25.44400527,24.93528252,25.88188976,25.21236911,24.42156863,23.71349413,23.24804941,23.6381323,22.67130829,22.76681759,22.76806452,,,,,,,
013_2340_FY19,26.88022388,23.82276119,24.7406577,24.1931988,24.8510479,,,,,,,,,,,,,,,,,,,,
013_2433_FY19,23.58715925,24.16798561,24.63095238,24.11507937,22.45984081,24.35672938,22.42489115,20.94250364,,,,,,,,,,,,,,,,,
013_2434_FY19,25.28101504,23.11889862,25.47971286,24.26901496,27.10069444,,,,,,,,,,,,,,,,,,,,
013_2440_FY19,22.08389946,24.09421769,24.60334243,23.25,15.88047945,17.50102881,19.29367263,24.46689655,16.23756906,13.66689751,14.14771151,16.41063978,,,,,,,,,,,,,
013_2538_FY19,23.74936387,23.30805838,22.2971519,24.47632576,23.57944515,23.82075472,25.24434673,,,,,,,,,,,,,,,,,,
013_2539_FY19,23.77158505,24.39313222,24.46153846,25.04283887,25.04278416,24.91050955,,,,,,,,,,,,,,,,,,,
013_2540_FY19,22.56029412,23.57179676,24.76659292,25.24667651,24.29689808,25.50740741,26.68222222,,,,,,,,,,,,,,,,,,
013_2643_FY19,22.17669972,23.33675637,23.49005682,23.17770655,23.76569187,24.59464286,23.59763948,22.15602582,,,,,,,,,,,,,,,,,
013_2644_FY19,19.6672486,21.86748252,20.28466387,20.63483146,21.16947961,22.10190409,22.59957627,,,,,,,,,,,,,,,,,,
013_2649_FY19,20.98228571,12.334,13.49713959,20.08066362,22.14232532,14.13087056,7.128865979,,,,,,,,,,,,,,,,,,
013_2851_FY19,24.94320988,23.5135468,25.11285363,25.1797546,26.24020808,,,,,,,,,,,,,,,,,,,,
013_2853_FY19,24.4232991,24.30224359,24.86381074,24.71040868,24.91592357,,,,,,,,,,,,,,,,,,,,
013_2956_FY19,20.56777494,21.21891026,21.79396662,20.97586873,21.2931701,20.94670543,21.45892626,21.60505837,22.59622887,22.24022164,22.76109661,23.1289267,23.03473132,23.81373193,22.80657895,22.38324538,23.5489418,24.06697613,24.1349734,15.82656458,21.52849741,,,,
013_3060_FY19,24.88626609,24.56918688,24.91346154,26.03160511,,,,,,,,,,,,,,,,,,,,,
013_3062_FY19,17.86499272,19.32226277,21.50948905,21.85468521,22.63323572,20.48203812,19.52169118,,,,,,,,,,,,,,,,,,
013_3066_FY19,24.77503577,24.18357143,25.00356125,26.17329545,,,,,,,,,,,,,,,,,,,,,
013_3069_FY19,17.29352806,16.72308133,18.78689931,22.63186499,22.70542857,20.81342857,22.13057143,13.89212329,16.91295662,,,,,,,,,,,,,,,,
013_3171_FY19,22.48163842,21.83675637,23.14943343,23.22088068,22.9241453,23.84343795,,,,,,,,,,,,,,,,,,,
013_3277_FY19,21.93293379,22.2713797,10.60502283,17.19640821,18.65097032,19.38854048,21.30964612,,,,,,,,,,,,,,,,,,
013_3379_FY19,23.40662202,22.34463487,24.78651267,24.11065574,,,,,,,,,,,,,,,,,,,,,
013_3381_FY19,15.70794393,20.66510695,19.91711409,20.24831989,22.10613208,,,,,,,,,,,,,,,,,,,,
014_2843_FY19,24.78785607,23.67353823,26.93628186,27.12068966,27.5089955,27.53223388,27.61056972,24.4760479,25.78485757,,,,,,,,,,,,,,,,
014_2947_FY19,24.88305847,22.7754491,23.22642216,24.40456587,,,,,,,,,,,,,,,,,,,,,
015_2837_FY19,21.97849083,21.92055085,21.79349364,22.72624113,,,,,,,,,,,,,,,,,,,,,
015_2838_FY19,15.85076709,17.71338912,19.81328671,19.73214286,18.6443118,19.06962025,,,,,,,,,,,,,,,,,,,
015_4189_FY19,16.06416957,17.25609049,17.6049884,19.71871379,16.99855324,19.85854503,,,,,,,,,,,,,,,,,,,
015_4399_FY19,9.281823394,12.21706758,15.53092784,16.3327606,17.99656751,22.21714286,20.66257143,19.82628571,,,,,,,,,,,,,,,,,
015_5228_FY19,26.36044974,26.02212682,26.28030303,26.0978975,,,,,,,,,,,,,,,,,,,,,
015_5229_FY19,22.16290131,23.44517282,9.607228196,14.05645161,15.41347305,21.19837935,22.0923586,,,,,,,,,,,,,,,,,,
015_5230_FY19,9.986031927,5.064139111,6.834093501,9.77622577,16.6345496,17.87043379,22.39355023,23.456621,21.4902968,19.692,19.29771429,17.62614416,19.84439359,21.9124714,19.76002291,11.14478211,11.80360134,,,,,,,,
015_5332_FY19,22.27279305,23.31775362,22.65312046,20.70378457,20.27365357,18.43660532,,,,,,,,,,,,,,,,,,,
03A_5455_FY19,15.7586326,13.40131579,12.92891817,15.16342142,16.42966574,18.11592179,20.30812325,,,,,,,,,,,,,,,,,,
03A_5559_FY19,25.63441654,25.07865583,24.43961708,24.23858616,,,,,,,,,,,,,,,,,,,,,
03A_5662_FY19,28.41802671,22.02707715,25.91294643,24.13802083,22.78502235,,,,,,,,,,,,,,,,,,,,
03A_5670_FY19,23.1931988,23.42477545,24.1380988,23.39034431,,,,,,,,,,,,,,,,,,,,,
05A_6724_FY19,20.0696347,11.03085714,11.98942857,19.74028571,22.19364989,13.36769759,4.085910653,,,,,,,,,,,,,,,,,,
05A_6932_FY19,24.49286787,25.81334333,24.56821589,23.19827586,23.18562874,24.74101796,27.45471557,27.24701046,24.64275037,27.32462687,,,,,,,,,,,,,,,
05A_7037_FY19,23.93193891,23.6382626,25.00231481,24.69517834,24.61906332,24.07588699,23.38877953,22.56315445,,,,,,,,,,,,,,,,,
05A_7456_FY19,24.82951807,24.27105897,24.17608173,23.72751799,,,,,,,,,,,,,,,,,,,,,
05A_7559_FY19,26.86863271,24.48627845,26.86933333,26.53062583,,,,,,,,,,,,,,,,,,,,,
05A_7566_FY19,25.94104478,23.86679104,24.07302534,24.46087928,24.64673105,24.01634473,23.34161721,24.58939169,26.1837037,25.45784024,,,,,,,,,,,,,,,
05A_7568_FY19,23.67891156,24.47510232,23.33584131,16.5640411,17.32692308,18.76581843,24.42448276,,,,,,,,,,,,,,,,,,
05A_7667_FY19,24.58433735,24.33122744,24.13461538,23.88399281,,,,,,,,,,,,,,,,,,,,,
05A_7668_FY19,15.84020619,17.04425065,16.90090674,13.53181818,11.86085826,16.16003911,18.64052288,,,,,,,,,,,,,,,,,,
05A_7768_FY19,18.37061916,10.42076023,13.90240328,16.08597418,12.53902582,16.47970588,17.14517079,18.77863046,12.63622931,8.60147929,12.0728673,16.95071259,22.28244048,,,,,,,,,,,,
05A_7770_FY19,23.0291411,21.76107011,22.19027094,18.20709877,,,,,,,,,,,,,,,,,,,,,
05A_7771_FY19,27.44202413,25.31894244,27.603,26.55292943,,,,,,,,,,,,,,,,,,,,,
05A_7874_FY19,23.63190184,22.31703567,22.47044335,18.55617284,,,,,,,,,,,,,,,,,,,,,
05A_7875_FY19,10.41677503,15.65319426,18.70822454,18.19960733,17.2910105,15.7956636,16.75659631,16.56902246,17.39006623,19.06266578,17.53424202,,,,,,,,,,,,,,
05A_7876_FY19,22.11425501,20.31492109,22.64028777,21.91654676,22.82756133,21.62933526,,,,,,,,,,,,,,,,,,,
05A_7879_FY19,20.94705882,22.40339233,23.66482301,24.48707533,,,,,,,,,,,,,,,,,,,,,
10A_1022_FY19,20.92034806,20.53585791,21.02923387,22.44818304,21.5914305,21.55912162,20.53556911,21.28256445,,,,,,,,,,,,,,,,,
10A_1234_FY19,24.08705357,25.92250373,24.97913562,26.82451565,24.1141791,23.09776119,23.13938714,,,,,,,,,,,,,,,,,,
10A_1656_FY19,15.83290816,15.90089514,23.10032051,17.98071979,16.33622909,14.62193548,16.0749354,14.83581606,,,,,,,,,,,,,,,,,
10A_1760_FY19,23.47587719,21.57440847,20.09421642,21.27791563,21.17048267,23.05809642,,,,,,,,,,,,,,,,,,,
10A_181_FY19,21.75913242,22.37942857,23.39640411,21.79257143,12.96996568,13.63300915,20.41819222,23.27147766,14.9172394,7.653669725,9.703501722,13.39380023,13.90786452,17.00316092,23.11565017,21.39199309,21.41618664,19.14907728,21.18446882,19.59248555,20.2195122,,,,
10A_913_FY19,21.52622378,20.45168067,18.90660112,20.51725352,,,,,,,,,,,,,,,,,,,,,
10B_2584_FY19,26.67427386,26.57103448,26.4665978,27.52815934,,,,,,,,,,,,,,,,,,,,,
10B_3306_FY19,17.19856459,21.12709832,18.04321729,20.33623798,21.29698795,10.92481884,15.39419589,14.85545455,18.88410194,21.17982989,23.17143727,22.95818071,,,,,,,,,,,,,
11A_1097_FY19,25.51093089,25.77253521,25.40625,24.121669,,,,,,,,,,,,,,,,,,,,,
11A_1412_FY19,25.37684911,24.74521355,26.15565345,24.82268722,24.1852123,,,,,,,,,,,,,,,,,,,,
11A_161_FY19,24.39426752,23.69720102,21.53897338,19.48892405,,,,,,,,,,,,,,,,,,,,,
11A_163_FY19,26.24590164,25.1953125,25.04241071,24.95393759,25.18870728,24.95542348,24.0485905,,,,,,,,,,,,,,,,,,
11A_165_FY19,25.88922156,24.65401786,24.60230655,24.74553571,24.59212481,24.64301634,24.37925926,,,,,,,,,,,,,,,,,,
11A_271_FY19,23.16634615,24.37212276,24.76692209,24.60859873,24.55375318,,,,,,,,,,,,,,,,,,,,
11A_369_FY19,22.52279522,22.47757848,23.53555389,22.10179641,24.4738024,25.88922156,23.02282934,,,,,,,,,,,,,,,,,,
11A_376_FY19,22.64857143,23.18411681,24.50355114,26.13687943,25.71676096,26.12234795,,,,,,,,,,,,,,,,,,,
11A_475_FY19,17.67942584,20.86151079,19.36358173,20.88176895,21.56596386,10.62681159,16.23153753,15.43583535,18.86862864,22.08272506,22.95615104,22.95543346,21.27998776,22.33302696,,,,,,,,,,,
11A_479_FY19,23.63852163,23.87410072,21.57134293,23.38038278,23.03818616,23.02860548,23.87857143,22.93052257,21.91963227,22.90462085,17.74874214,19.25770925,,,,,,,,,,,,,
11A_579_FY19,21.9519774,22.22592068,22.51522663,23.14914773,22.54480797,23.47146933,23.85021398,22.50035765,,,,,,,,,,,,,,,,,
11A_580_FY19,24.8295756,26.1397351,25.87565963,25.8801054,24.3846912,25.28444882,24.52388743,24.76666667,23.11897001,,,,,,,,,,,,,,,,
11A_682_FY19,25.17014925,25.11367013,24.28115727,25.49555556,27.18934911,26.54215976,,,,,,,,,,,,,,,,,,,
11A_786_FY19,22.36248132,22.53400598,23.58196108,22.22754491,24.24850299,25.72451274,23.04079341,,,,,,,,,,,,,,,,,,
11A_891_FY19,22.00573888,22.84913793,23.38633094,23.7629683,23.27525253,21.01193922,,,,,,,,,,,,,,,,,,,
11A_893_FY19,27.27658143,27.73420699,26.82095047,24.98295455,27.1,,,,,,,,,,,,,,,,,,,,
11A_993_FY19,20.50375723,7.824191686,5.625720877,11.53200692,18.74337558,23.13665132,21.88304598,24.98045977,18.19833525,4.924885321,12.80469645,16.84661697,19.89089347,18.19879863,,,,,,,,,,,
ALP_4429_FY19,22.02195467,21.98652482,22.85724432,21.78627312,22.82596291,24.10264664,23.00286123,21.28120516,23.01149425,22.7205036,23.58189033,23.25614162,21.54486252,22.81594203,20.87626996,19.04869186,,,,,,,,,
ALP_4533_FY19,26.20454545,26.93491322,26.13182423,26.01263298,25.40285146,,,,,,,,,,,,,,,,,,,,
NCR_6186_FY19,26.14588452,25.99785276,26.05722154,25.42420538,,,,,,,,,,,,,,,,,,,,,
NCR_6728_FY19,25.13298611,24.50693481,25.64453665,25.60013812,25.63842975,26.95770289,,,,,,,,,,,,,,,,,,,
NCR_6833_FY19,21.70148725,22.09161932,22.37393466,21.96652422,22.51034237,24.01323319,,,,,,,,,,,,,,,,,,,
NCR_6937_FY19,25.05245536,24.02645306,26.34612519,25.24328358,27.42126866,24.48804185,25.15956652,25.64835575,25.68937126,25.91055389,,,,,,,,,,,,,,,
NCR_6938_FY19,18.87685644,19.9826518,18.79503106,20.09090909,19.96695761,22.6921875,20.33322904,10.29454203,,,,,,,,,,,,,,,,,
NCR_8231_FY19,26.48899148,26.53080737,26.76379066,25.88540197,25.55422535,,,,,,,,,,,,,,,,,,,,
NTR_6309_FY19,26.4339207,25.66189427,24.27419355,24.06954612,,,,,,,,,,,,,,,,,,,,,
NTR_6426_FY19,14.82088681,11.91958042,12.15570431,16.04702103,17.01509872,21.02896871,15.5095,,,,,,,,,,,,,,,,,,
NTR_6529_FY19,8.03548995,11.89200252,16.79993679,20.57879747,22.82201777,22.27731893,18.63025478,18.41294643,18.31521739,23.95160256,19.65661104,17.25643501,15.34935484,17.16849935,16.92001295,,,,,,,,,,
NTR_6530_FY19,16.53962372,17.88255416,18.62799316,20.86202965,14.19070696,18.25285063,19.30444698,19.94840365,20.90610731,21.76113014,23.17180365,20.668,,,,,,,,,,,,,
NTR_6532_FY19,22.48298817,24.21481481,24.46666667,27.55897626,21.63410104,24.81956845,23.38095238,22.63263785,,,,,,,,,,,,,,,,,
NTR_6626_FY19,18.7914604,20.21375465,18.8378882,19.86660448,19.37094763,21.9771875,21.01376721,10.82685069,,,,,,,,,,,,,,,,,
NTR_6636_FY19,21.10889396,21.3869863,22.25171233,23.8630137,21.602,,,,,,,,,,,,,,,,,,,,
NTR_6743_FY19,23.11623748,21.33464849,23.19244604,22.93633094,23.58333333,22.47398844,21.43632417,,,,,,,,,,,,,,,,,,
NTR_6744_FY19,26.26431718,25.49522761,23.94758065,24.06954612,,,,,,,,,,,,,,,,,,,,,
NTR_6748_FY19,25.74147727,26.43156028,26.68564356,25.2355226,,,,,,,,,,,,,,,,,,,,,
NTR_6843_FY19,19.2450495,20.51548947,19.34937888,20.49875467,20.56078554,22.7259375,20.87765957,11.1878921,,,,,,,,,,,,,,,,,
NTR_6844_FY19,22.67463768,21.19013062,19.46724891,19.26164483,20.30437956,,,,,,,,,,,,,,,,,,,,
NTR_6941_FY19,27.26105898,25.36713521,27.34,26.43741678,25.90836653,,,,,,,,,,,,,,,,,,,,
NTR_6947_FY19,22.23728814,22.04603399,22.19602273,22.91228693,22.4451567,23.61947218,24.91130186,,,,,,,,,,,,,,,,,,
NTR_7151_FY19,21.40918654,19.35744382,20.17756681,22.1703103,22.58403955,,,,,,,,,,,,,,,,,,,,
NTR_7152_FY19,22.49662669,24.37406297,25.96401799,23.04054054,23.85960961,23.44190405,22.93965517,,,,,,,,,,,,,,,,,,
NTR_7155_FY19,24.48320896,25.98768657,23.71748879,23.15508221,22.95852018,23.35741018,24.51347305,,,,,,,,,,,,,,,,,,
NTR_7251_FY19,27.76608579,25.48360107,27.34533333,26.81291611,25.99136786,,,,,,,,,,,,,,,,,,,,
NTR_7257_FY19,27,24.94589552,25.37369598,25.44895678,25.55497771,25.02897474,24.31231454,25.45919881,27.21148148,26.79807692,,,,,,,,,,,,,,,
NTR_7260_FY19,18.87469059,19.86555143,18.57732919,19.84713574,19.56265586,22.2540625,20.44931164,9.734943538,,,,,,,,,,,,,,,,,
NTR_7354_FY19,22.71375571,17.10518814,12.78249715,9.484606613,11.33580388,18.37058153,16.86431015,10.30131129,7.493443558,9.111174458,11.27223489,15.55986317,16.5890411,21.05245154,22.64754566,21.48144977,19.93179224,19.55114286,18.39130435,19.45428571,21.44822654,20.69158076,13.43288854,19.23033708,
NTR_7360_FY19,24.26388889,24.00291971,23.80029155,23.50618632,25.78561047,23.84978229,24.19637681,24.64306358,,,,,,,,,,,,,,,,,
NTR_7470_FY19,24.62339056,23.22639485,21.46449067,23.72230216,22.76618705,23.35281385,22.15534682,,,,,,,,,,,,,,,,,,
NTR_8114_FY19,23.02446043,23.47510823,23.91763006,22.68704776,23.9365942,,,,,,,,,,,,,,,,,,,,
NTR_8119_FY19,21.75826682,11.13968073,17.12286203,18.79019384,19.32383124,21.34036488,14.78192702,19.01795895,19.84007982,21.18187001,22.24657534,22.52140411,23.31678082,22.99182243,,,,,,,,,,,
NTR_8242_FY19,18.94585396,19.81474597,18.4863354,19.54327522,19.35411471,21.686875,20.08479349,10.27289837,,,,,,,,,,,,,,,,,
OSR_2026_FY19,23.00317259,21.31107595,24.17960859,23.78121059,24.13333333,25.62531407,,,,,,,,,,,,,,,,,,,
SCR_2371_FY19,26.37174211,26.12072503,26.98736339,26.72479564,26.82517007,26.88331072,27.89193767,26.35777027,25.53407557,,,,,,,,,,,,,,,,
SCR_2477_FY19,22.69489796,23.10422343,22.55396175,14.26506849,15.56927298,17.85969739,22.85055096,15.67714088,13.33990318,13.86303745,15.23506944,16.23119777,17.75034868,19.36958042,18.53050491,17.74543539,19.26302817,21.05598592,21.01800847,21.36704385,21.26702128,21.44452347,20.54587482,22.09700428,22.42071429
SCR_2478_FY19,26.38368056,26.39551724,26.42975207,27.58619505,,,,,,,,,,,,,,,,,,,,,
SCR_2682_FY19,26.31334842,25.43952802,25.7289823,24.27242647,,,,,,,,,,,,,,,,,,,,,
SCR_2786_FY19,28.1647651,27.63170241,25.96590909,27.7777036,,,,,,,,,,,,,,,,,,,,,
SCR_2787_FY19,22.72186287,22.39948454,23.36036036,22.89010283,,,,,,,,,,,,,,,,,,,,,
SCR_2888_FY19,18.19515306,17.80690537,24.14276569,19.61407455,17.33301158,15.7383871,17.2622739,16.44235751,12.45590143,,,,,,,,,,,,,,,,
STR_1317_FY19,23.83404385,24.94927096,23.83525485,24.92645278,25.28683575,25.32689988,24.89548193,24.52704327,24.77280912,22.16197605,23.70095694,23.26164875,23.98033373,24.42202381,23.69685273,27.41007194,,,,,,,,,
STR_1419_FY19,23.63561151,24.34208633,25.94906743,25.34777937,24.43535714,23.35357143,24.07656695,25.72581792,26.65531915,26.33404255,26.35007072,,,,,,,,,,,,,,
STR_1420_FY19,24.99190141,24.52844101,23.36325386,24.59103641,23.27513966,24.61142061,,,,,,,,,,,,,,,,,,,
STR_1630_FY19,23.67797695,19.66976893,17.41666667,15.40258065,17.10219922,16.5265544,14.22467532,12.87386216,15.40580183,16.55548303,18.38056283,,,,,,,,,,,,,,
STR_173_FY19,24.10617898,23.3844239,24.54315264,24.73392857,22.95064378,,,,,,,,,,,,,,,,,,,,
STR_1838_FY19,23.70806658,19.57188703,17.25,15.38032258,17.02910737,16.59326425,14.47662338,13.10110533,15.32366362,16.77774151,18.47414921,,,,,,,,,,,,,,
STR_2151_FY19,14.98811096,15.47585979,18.51127321,17.02091633,17.4557257,15.46194927,,,,,,,,,,,,,,,,,,,
STR_2563_FY19,22.66642336,22.80087848,22.84370425,21.8366373,20.77422907,,,,,,,,,,,,,,,,,,,,
